layer	context	tissue	intervention	rank	mark	rev_beta
transcriptome	liver/diet+surgery	liver	diet+surgery	1	SERPINE1	-1.2107889999999997
transcriptome	liver/diet+surgery	liver	diet+surgery	2	CRP	-1.2004678333333336
transcriptome	liver/diet+surgery	liver	diet+surgery	3	MT1H	-1.0355541666666666
transcriptome	liver/diet+surgery	liver	diet+surgery	4	AVPR1A	-0.9880006666666667
transcriptome	liver/diet+surgery	liver	diet+surgery	5	JUN	-0.9489533333333334
transcriptome	liver/diet+surgery	liver	diet+surgery	6	SRGN	-0.9030305
transcriptome	liver/diet+surgery	liver	diet+surgery	7	UPP2	-0.9019976666666668
transcriptome	liver/diet+surgery	liver	diet+surgery	8	MT1M	-0.8707978333333333
transcriptome	liver/diet+surgery	liver	diet+surgery	9	SAA1	-0.8495713333333332
transcriptome	liver/diet+surgery	liver	diet+surgery	10	CXCL10	-0.8371089999999999
transcriptome	liver/diet+surgery	liver	diet+surgery	11	CYP1A1	0.8350930000000003
transcriptome	liver/diet+surgery	liver	diet+surgery	12	GADD45B	-0.8324163333333331
transcriptome	liver/diet+surgery	liver	diet+surgery	13	DDIT4	-0.7433701666666666
transcriptome	liver/diet+surgery	liver	diet+surgery	14	S100A8	-0.7388271666666666
transcriptome	liver/diet+surgery	liver	diet+surgery	15	IGFBP2	0.7373136666666669
transcriptome	liver/diet+surgery	liver	diet+surgery	16	CMYA5	0.7229390000000002
transcriptome	liver/diet+surgery	liver	diet+surgery	17	PLA2G7	-0.7029265
transcriptome	liver/diet+surgery	liver	diet+surgery	18	MT1A	-0.7004204999999998
transcriptome	liver/diet+surgery	liver	diet+surgery	19	MT1F	-0.6989746666666666
transcriptome	liver/diet+surgery	liver	diet+surgery	20	SAA2	-0.6937613333333328
transcriptome	liver/diet+surgery	liver	diet+surgery	21	APOA4	-0.6928885
transcriptome	liver/diet+surgery	liver	diet+surgery	22	LAPTM5	-0.6921164999999999
transcriptome	liver/diet+surgery	liver	diet+surgery	23	DUSP1	-0.674232
transcriptome	liver/diet+surgery	liver	diet+surgery	24	MT1JP	-0.6630854999999999
transcriptome	liver/diet+surgery	liver	diet+surgery	25	GADD45G	-0.6575716666666668
transcriptome	adipose/caloric-restriction	adipose	caloric-restriction	1	FADS2	-1.1429960850909089
transcriptome	adipose/caloric-restriction	adipose	caloric-restriction	2	SCD	-1.0037682052272727
transcriptome	adipose/caloric-restriction	adipose	caloric-restriction	3	FADS1	-0.9769660767272724
transcriptome	adipose/caloric-restriction	adipose	caloric-restriction	4	C6	0.900452923590909
transcriptome	adipose/caloric-restriction	adipose	caloric-restriction	5	SLC27A2	0.7636991619545451
transcriptome	adipose/caloric-restriction	adipose	caloric-restriction	6	OFD1P6Y	-0.7371969523636364
transcriptome	adipose/caloric-restriction	adipose	caloric-restriction	7	CCDC162P	-0.6977694051363637
transcriptome	adipose/caloric-restriction	adipose	caloric-restriction	8	SPAG5	-0.6690591049090909
transcriptome	adipose/caloric-restriction	adipose	caloric-restriction	9	OLFM2	-0.656921278409091
transcriptome	adipose/caloric-restriction	adipose	caloric-restriction	10	TMEM120B	-0.5678097322727275
transcriptome	adipose/caloric-restriction	adipose	caloric-restriction	11	LRRN3	-0.5562076865909092
transcriptome	adipose/caloric-restriction	adipose	caloric-restriction	12	CES1P1	-0.5526030691818182
transcriptome	adipose/caloric-restriction	adipose	caloric-restriction	13	NNAT	-0.5486894858636364
transcriptome	adipose/caloric-restriction	adipose	caloric-restriction	14	CES1	-0.5417661382727273
transcriptome	adipose/caloric-restriction	adipose	caloric-restriction	15	KANK4	-0.5344184689090908
transcriptome	adipose/caloric-restriction	adipose	caloric-restriction	16	VLDLR	-0.5124640114545455
transcriptome	adipose/caloric-restriction	adipose	caloric-restriction	17	SLC29A4	-0.5056657457272725
transcriptome	adipose/caloric-restriction	adipose	caloric-restriction	18	LAMB3	-0.493282169181818
transcriptome	adipose/caloric-restriction	adipose	caloric-restriction	19	ME1	-0.4514367079545457
transcriptome	adipose/caloric-restriction	adipose	caloric-restriction	20	SFRP4	-0.4405379312727271
transcriptome	adipose/caloric-restriction	adipose	caloric-restriction	21	TENM4	-0.4393117299545453
transcriptome	adipose/caloric-restriction	adipose	caloric-restriction	22	SLC24A3	-0.4357997441818182
transcriptome	adipose/caloric-restriction	adipose	caloric-restriction	23	DSEL	-0.4357796162272725
transcriptome	adipose/caloric-restriction	adipose	caloric-restriction	24	NPM1	0.4348823121363636
transcriptome	adipose/caloric-restriction	adipose	caloric-restriction	25	HSPB7	-0.4286338345
transcriptome	adipose/low-cal-diet	adipose	low-cal-diet	1	SCD	-1.6079704155051704
transcriptome	adipose/low-cal-diet	adipose	low-cal-diet	2	FADS2	-1.505706112269156
transcriptome	adipose/low-cal-diet	adipose	low-cal-diet	3	ANGPTL8	-1.4852006713968318
transcriptome	adipose/low-cal-diet	adipose	low-cal-diet	4	FADS1	-1.2360894666309683
transcriptome	adipose/low-cal-diet	adipose	low-cal-diet	5	SAA2	-1.0314395991914502
transcriptome	adipose/low-cal-diet	adipose	low-cal-diet	6	ALDOC	-0.993383170986348
transcriptome	adipose/low-cal-diet	adipose	low-cal-diet	7	CHIT1	0.9721181293015524
transcriptome	adipose/low-cal-diet	adipose	low-cal-diet	8	P2RX6	-0.9214658599472528
transcriptome	adipose/low-cal-diet	adipose	low-cal-diet	9	ELOVL6	-0.9052577043239842
transcriptome	adipose/low-cal-diet	adipose	low-cal-diet	10	STC1	-0.8862046711024437
transcriptome	adipose/low-cal-diet	adipose	low-cal-diet	11	GPAM	-0.8663244822448761
transcriptome	adipose/low-cal-diet	adipose	low-cal-diet	12	SFRP2	-0.8458039623874355
transcriptome	adipose/low-cal-diet	adipose	low-cal-diet	13	DGAT2	-0.8358154013580336
transcriptome	adipose/low-cal-diet	adipose	low-cal-diet	14	RASL10B	0.8198665311212158
transcriptome	adipose/low-cal-diet	adipose	low-cal-diet	15	COL11A1	-0.8081971568311312
transcriptome	adipose/low-cal-diet	adipose	low-cal-diet	16	STMN2	-0.8072436907779522
transcriptome	adipose/low-cal-diet	adipose	low-cal-diet	17	C6	0.8053238326904635
transcriptome	adipose/low-cal-diet	adipose	low-cal-diet	18	MYEOV	-0.7901694833843117
transcriptome	adipose/low-cal-diet	adipose	low-cal-diet	19	KANK4	-0.7755717474368372
transcriptome	adipose/low-cal-diet	adipose	low-cal-diet	20	DEFB132	-0.7572345245818454
transcriptome	adipose/low-cal-diet	adipose	low-cal-diet	21	APOC1	0.7522022865492637
transcriptome	adipose/low-cal-diet	adipose	low-cal-diet	22	FAM171A2	-0.7444476795392503
transcriptome	adipose/low-cal-diet	adipose	low-cal-diet	23	SULT1A2	-0.743906496608384
transcriptome	adipose/low-cal-diet	adipose	low-cal-diet	24	SEL1L2	-0.7438627194368399
transcriptome	adipose/low-cal-diet	adipose	low-cal-diet	25	GRIN2B	-0.7427024657084149
transcriptome	adipose/diet+exercise	adipose	diet+exercise	1	PIK3R1	-1.251421920583623
transcriptome	adipose/diet+exercise	adipose	diet+exercise	2	RASGRP1	1.20601895631031
transcriptome	adipose/diet+exercise	adipose	diet+exercise	3	ADORA1	-1.0268628620041689
transcriptome	adipose/diet+exercise	adipose	diet+exercise	4	IGDCC4	1.0127375039183744
transcriptome	adipose/diet+exercise	adipose	diet+exercise	5	AGFG1	-0.9922598690830812
transcriptome	adipose/diet+exercise	adipose	diet+exercise	6	BBOX1	-0.9799041475702686
transcriptome	adipose/diet+exercise	adipose	diet+exercise	7	NKX2-6	-0.9664968897048024
transcriptome	adipose/diet+exercise	adipose	diet+exercise	8	P2RY2	-0.9624936369865542
transcriptome	adipose/diet+exercise	adipose	diet+exercise	9	CYP2C18	-0.9568082259207152
transcriptome	adipose/diet+exercise	adipose	diet+exercise	10	SPTA1	-0.9530792221481784
transcriptome	adipose/diet+exercise	adipose	diet+exercise	11	TGM5	-0.9404291457687604
transcriptome	adipose/diet+exercise	adipose	diet+exercise	12	TMEM182	-0.9203444580483966
transcriptome	adipose/diet+exercise	adipose	diet+exercise	13	FAT2	-0.9160658744447652
transcriptome	adipose/diet+exercise	adipose	diet+exercise	14	DSEL	-0.8708183168920436
transcriptome	adipose/diet+exercise	adipose	diet+exercise	15	STC1	-0.8669858463469694
transcriptome	adipose/diet+exercise	adipose	diet+exercise	16	PDE5A	0.860237243531092
transcriptome	adipose/diet+exercise	adipose	diet+exercise	17	SLC27A2	0.8574501690336381
transcriptome	adipose/diet+exercise	adipose	diet+exercise	18	ZNF443	-0.8500689960099093
transcriptome	adipose/diet+exercise	adipose	diet+exercise	19	ADAMTS14	-0.845478857867042
transcriptome	adipose/diet+exercise	adipose	diet+exercise	20	SPANXA2	-0.8365422938699493
transcriptome	adipose/diet+exercise	adipose	diet+exercise	21	C6	0.8349930023899765
transcriptome	adipose/diet+exercise	adipose	diet+exercise	22	NQO1	-0.7676250110600632
transcriptome	adipose/diet+exercise	adipose	diet+exercise	23	TNFRSF11B	-0.7674982091713084
transcriptome	adipose/diet+exercise	adipose	diet+exercise	24	REC8	0.7566619044145182
transcriptome	adipose/diet+exercise	adipose	diet+exercise	25	B4GALT6	-0.7356160939702737
transcriptome	adipose/RYGB-durability	adipose	RYGB-durability	1	EGFL6	-5.802448979591838
transcriptome	adipose/RYGB-durability	adipose	RYGB-durability	2	SPP1	-4.728979591836735
transcriptome	adipose/RYGB-durability	adipose	RYGB-durability	3	PRG4	-4.547551020408163
transcriptome	adipose/RYGB-durability	adipose	RYGB-durability	4	IL1RN	-4.073469387755101
transcriptome	adipose/RYGB-durability	adipose	RYGB-durability	5	PLA2G7	-3.9957142857142873
transcriptome	adipose/RYGB-durability	adipose	RYGB-durability	6	CHI3L1	-3.8010204081632657
transcriptome	adipose/RYGB-durability	adipose	RYGB-durability	7	ABCC3	-3.714081632653061
transcriptome	adipose/RYGB-durability	adipose	RYGB-durability	8	SFRP4	-3.687755102040817
transcriptome	adipose/RYGB-durability	adipose	RYGB-durability	9	CA3	3.657551020408164
transcriptome	adipose/RYGB-durability	adipose	RYGB-durability	10	MSR1	-3.6281632653061218
transcriptome	adipose/RYGB-durability	adipose	RYGB-durability	11	MXRA5	-3.5218367346938773
transcriptome	adipose/RYGB-durability	adipose	RYGB-durability	12	UCHL1	-3.4810204081632645
transcriptome	adipose/RYGB-durability	adipose	RYGB-durability	13	LYZ	-3.407551020408164
transcriptome	adipose/RYGB-durability	adipose	RYGB-durability	14	TNMD	-3.272244897959183
transcriptome	adipose/RYGB-durability	adipose	RYGB-durability	15	MMP9	-3.2710204081632672
transcriptome	adipose/RYGB-durability	adipose	RYGB-durability	16	TM4SF19	-3.176530612244897
transcriptome	adipose/RYGB-durability	adipose	RYGB-durability	17	FPR3	-3.154897959183673
transcriptome	adipose/RYGB-durability	adipose	RYGB-durability	18	ALCAM	-3.1536734693877544
transcriptome	adipose/RYGB-durability	adipose	RYGB-durability	19	CD52	-3.142244897959184
transcriptome	adipose/RYGB-durability	adipose	RYGB-durability	20	LCP1	-3.0944897959183666
transcriptome	adipose/RYGB-durability	adipose	RYGB-durability	21	TM4SF19-TCTEX1D2	-3.023061224489796
transcriptome	adipose/RYGB-durability	adipose	RYGB-durability	22	STMN2	-2.998979591836735
transcriptome	adipose/RYGB-durability	adipose	RYGB-durability	23	SLC27A2	2.96326530612245
transcriptome	adipose/RYGB-durability	adipose	RYGB-durability	24	MSC	-2.828163265306122
transcriptome	adipose/RYGB-durability	adipose	RYGB-durability	25	FCER1G	-2.8248979591836734
transcriptome	muscle/metformin+resistance	muscle	metformin+resistance	1	MYH1	-1.948177265742556
transcriptome	muscle/metformin+resistance	muscle	metformin+resistance	2	IGFN1	1.5775909042979783
transcriptome	muscle/metformin+resistance	muscle	metformin+resistance	3	COL1A1	1.3592066759245278
transcriptome	muscle/metformin+resistance	muscle	metformin+resistance	4	COL3A1	1.3001002830725907
transcriptome	muscle/metformin+resistance	muscle	metformin+resistance	5	MXRA5	1.1773188173158289
transcriptome	muscle/metformin+resistance	muscle	metformin+resistance	6	NMRK2	0.994800208177247
transcriptome	muscle/metformin+resistance	muscle	metformin+resistance	7	ACTN3	-0.956664052005392
transcriptome	muscle/metformin+resistance	muscle	metformin+resistance	8	THY1	0.9450861788024608
transcriptome	muscle/metformin+resistance	muscle	metformin+resistance	9	COL4A1	0.9393584386836156
transcriptome	muscle/metformin+resistance	muscle	metformin+resistance	10	BGN	0.9225145155030609
transcriptome	muscle/metformin+resistance	muscle	metformin+resistance	11	MYBPH	0.9215387631059544
transcriptome	muscle/metformin+resistance	muscle	metformin+resistance	12	FRZB	0.9211221855700042
transcriptome	muscle/metformin+resistance	muscle	metformin+resistance	13	THBS4	0.8982934671001775
transcriptome	muscle/metformin+resistance	muscle	metformin+resistance	14	COL1A2	0.8669000585564395
transcriptome	muscle/metformin+resistance	muscle	metformin+resistance	15	COL4A2	0.8521478451940735
transcriptome	muscle/metformin+resistance	muscle	metformin+resistance	16	FSCN1	0.8355096950123152
transcriptome	muscle/metformin+resistance	muscle	metformin+resistance	17	ANKRD1	0.82640909244185
transcriptome	muscle/metformin+resistance	muscle	metformin+resistance	18	CFAP61	-0.7817665453747273
transcriptome	muscle/metformin+resistance	muscle	metformin+resistance	19	MYH3	0.7674185301687844
transcriptome	muscle/metformin+resistance	muscle	metformin+resistance	20	CALML6	-0.764037441390742
transcriptome	muscle/metformin+resistance	muscle	metformin+resistance	21	FOS	-0.752366743810498
transcriptome	muscle/metformin+resistance	muscle	metformin+resistance	22	OLFML2B	0.7311767569574065
transcriptome	muscle/metformin+resistance	muscle	metformin+resistance	23	KAZALD1	0.7246145299690624
transcriptome	muscle/metformin+resistance	muscle	metformin+resistance	24	PXDN	0.7204895312995289
transcriptome	muscle/metformin+resistance	muscle	metformin+resistance	25	SPARC	0.718918534875283
transcriptome	blood/bariatric-surgery	blood	bariatric-surgery	1	JCHAIN	1.8804804286533097
transcriptome	blood/bariatric-surgery	blood	bariatric-surgery	2	VWCE	-1.8709528747441604
transcriptome	blood/bariatric-surgery	blood	bariatric-surgery	3	ALAS2	-1.7637356561312565
transcriptome	blood/bariatric-surgery	blood	bariatric-surgery	4	SMIM24	-1.758683339257389
transcriptome	blood/bariatric-surgery	blood	bariatric-surgery	5	PLVAP	-1.6643418688696026
transcriptome	blood/bariatric-surgery	blood	bariatric-surgery	6	HBA2	-1.663781936511034
transcriptome	blood/bariatric-surgery	blood	bariatric-surgery	7	HBA1	-1.6593869396326149
transcriptome	blood/bariatric-surgery	blood	bariatric-surgery	8	TRIM58	-1.6529043481359842
transcriptome	blood/bariatric-surgery	blood	bariatric-surgery	9	SLC6A8	-1.6064898005006971
transcriptome	blood/bariatric-surgery	blood	bariatric-surgery	10	TNFRSF17	1.6015618018066509
transcriptome	blood/bariatric-surgery	blood	bariatric-surgery	11	KRT1	-1.5390220902588785
transcriptome	blood/bariatric-surgery	blood	bariatric-surgery	12	DMTN	-1.5175877476565145
transcriptome	blood/bariatric-surgery	blood	bariatric-surgery	13	GYPB	-1.5173145186388453
transcriptome	blood/bariatric-surgery	blood	bariatric-surgery	14	LTF	-1.5150822111023432
transcriptome	blood/bariatric-surgery	blood	bariatric-surgery	15	SPTB	-1.509754547721567
transcriptome	blood/bariatric-surgery	blood	bariatric-surgery	16	HBM	-1.480821458989029
transcriptome	blood/bariatric-surgery	blood	bariatric-surgery	17	TNS1	-1.480728867623751
transcriptome	blood/bariatric-surgery	blood	bariatric-surgery	18	NPRL3	-1.477035557470906
transcriptome	blood/bariatric-surgery	blood	bariatric-surgery	19	OSBP2	-1.4714199165060002
transcriptome	blood/bariatric-surgery	blood	bariatric-surgery	20	SLC4A1	-1.4654174567748512
transcriptome	blood/bariatric-surgery	blood	bariatric-surgery	21	OR2W3	-1.4384570733845436
transcriptome	blood/bariatric-surgery	blood	bariatric-surgery	22	ACKR1	-1.4251318717143289
transcriptome	blood/bariatric-surgery	blood	bariatric-surgery	23	ESPN	-1.3987882869672992
transcriptome	blood/bariatric-surgery	blood	bariatric-surgery	24	SLC25A39	-1.3865479431328736
transcriptome	blood/bariatric-surgery	blood	bariatric-surgery	25	SELENBP1	-1.3844664336781898
proteome	plasma/bariatric	plasma	bariatric	1	IGFBP2	1.00319842769127
proteome	plasma/bariatric	plasma	bariatric	2	AGR2	0.870190641849594
proteome	plasma/bariatric	plasma	bariatric	3	IL1RN	-0.855988246540525
proteome	plasma/bariatric	plasma	bariatric	4	GUCA2A	0.81085532168629
proteome	plasma/bariatric	plasma	bariatric	5	CBLIF	-0.806908423564366
proteome	plasma/bariatric	plasma	bariatric	6	REG1A	0.778467809865207
proteome	plasma/bariatric	plasma	bariatric	7	IGFBP1	0.773438025815529
proteome	plasma/bariatric	plasma	bariatric	8	SCGN	0.761912102340277
proteome	plasma/bariatric	plasma	bariatric	9	HSD11B1	0.756336457529374
proteome	plasma/bariatric	plasma	bariatric	10	SSC4D	-0.744423075737124
proteome	plasma/bariatric	plasma	bariatric	11	REG1B	0.739551227882224
proteome	plasma/bariatric	plasma	bariatric	12	ESM1	0.727050426352772
proteome	plasma/bariatric	plasma	bariatric	13	KRT19	0.706675535085547
proteome	plasma/bariatric	plasma	bariatric	14	REG4	0.701903283508449
proteome	plasma/bariatric	plasma	bariatric	15	LEP	-0.695697727569106
proteome	plasma/bariatric	plasma	bariatric	16	IL6	-0.693911479092718
proteome	plasma/bariatric	plasma	bariatric	17	FCN2	0.687859004933373
proteome	plasma/bariatric	plasma	bariatric	18	CDHR2	-0.685173614199576
proteome	plasma/bariatric	plasma	bariatric	19	DDC	0.674915075871195
proteome	plasma/bariatric	plasma	bariatric	20	REG3A	0.674771570591353
proteome	plasma/bariatric	plasma	bariatric	21	IL6	-0.665176183627148
proteome	plasma/bariatric	plasma	bariatric	22	EPCAM	0.65498673053381
proteome	plasma/bariatric	plasma	bariatric	23	FURIN	-0.651895110348065
proteome	plasma/bariatric	plasma	bariatric	24	CTSB	0.649970761633054
proteome	plasma/bariatric	plasma	bariatric	25	GSTA1	-0.644256695122099
proteome	plasma/diet	plasma	diet	1	ACY1	-0.973888436544377
proteome	plasma/diet	plasma	diet	2	CHAD	0.966004707325922
proteome	plasma/diet	plasma	diet	3	FAH	-0.951637716815204
proteome	plasma/diet	plasma	diet	4	FABP3	-0.893940972949076
proteome	plasma/diet	plasma	diet	5	OMD	0.868308612011975
proteome	plasma/diet	plasma	diet	6	SCARA5	0.86685710474342
proteome	plasma/diet	plasma	diet	7	ADH4	-0.86126631957833
proteome	plasma/diet	plasma	diet	8	LRRC15	0.854248094702798
proteome	plasma/diet	plasma	diet	9	APOF	0.848581436062221
proteome	plasma/diet	plasma	diet	10	ADH1C	-0.801573382288524
proteome	plasma/diet	plasma	diet	11	PRCP	-0.801083541030962
proteome	plasma/diet	plasma	diet	12	AKR1D1	-0.800581144296703
proteome	plasma/diet	plasma	diet	13	FBP1	-0.800041219951176
proteome	plasma/diet	plasma	diet	14	IGDCC4	0.796256087261103
proteome	plasma/diet	plasma	diet	15	MMP16	0.789010681627521
proteome	plasma/diet	plasma	diet	16	HTRA1	-0.78046230320624
proteome	plasma/diet	plasma	diet	17	ACAN	0.776028633128505
proteome	plasma/diet	plasma	diet	18	CDON	0.755819523664193
proteome	plasma/diet	plasma	diet	19	PTPRU	-0.754921003508372
proteome	plasma/diet	plasma	diet	20	GPD1	-0.741760647772091
proteome	plasma/diet	plasma	diet	21	ADH1A	-0.740547640111405
proteome	plasma/diet	plasma	diet	22	GSTP1	0.738097274456499
proteome	plasma/diet	plasma	diet	23	CTSZ	-0.735672581436522
proteome	plasma/diet	plasma	diet	24	AIDA	0.735184700525015
proteome	plasma/diet	plasma	diet	25	ALDOB	-0.734859102217057
proteome	plasma/SGLT2i	plasma	SGLT2i	1	P21810	-0.284805982
proteome	plasma/SGLT2i	plasma	SGLT2i	2	P08833	0.27160134
proteome	plasma/SGLT2i	plasma	SGLT2i	3	P02786	0.256719163
proteome	plasma/SGLT2i	plasma	SGLT2i	4	P35625	0.25201003
proteome	plasma/SGLT2i	plasma	SGLT2i	5	P00918	0.25138109
proteome	plasma/SGLT2i	plasma	SGLT2i	6	P01588	0.247943011
proteome	plasma/SGLT2i	plasma	SGLT2i	7	P21980	0.246001251
proteome	plasma/SGLT2i	plasma	SGLT2i	8	P13501	0.239706735
proteome	plasma/SGLT2i	plasma	SGLT2i	9	Q13541	0.230875657
proteome	plasma/SGLT2i	plasma	SGLT2i	10	P63313	0.222127352
proteome	plasma/SGLT2i	plasma	SGLT2i	11	P12532	0.213654586
proteome	plasma/SGLT2i	plasma	SGLT2i	12	P22692	0.211875513
proteome	plasma/SGLT2i	plasma	SGLT2i	13	P15090	0.206864322
proteome	plasma/SGLT2i	plasma	SGLT2i	14	Q16775	0.205960436
proteome	plasma/SGLT2i	plasma	SGLT2i	15	P55774	0.201156056
proteome	plasma/SGLT2i	plasma	SGLT2i	16	Q9Y5K6	0.198951351
proteome	plasma/SGLT2i	plasma	SGLT2i	17	P21741	0.198607553
proteome	plasma/SGLT2i	plasma	SGLT2i	18	P07108	0.196809262
proteome	plasma/SGLT2i	plasma	SGLT2i	19	P19883	0.196558206
proteome	plasma/SGLT2i	plasma	SGLT2i	20	Q02747	0.195737852
proteome	plasma/SGLT2i	plasma	SGLT2i	21	P00995	0.195148773
proteome	plasma/SGLT2i	plasma	SGLT2i	22	Q99969	0.19305537
proteome	plasma/SGLT2i	plasma	SGLT2i	23	Q99795	0.192246063
proteome	plasma/SGLT2i	plasma	SGLT2i	24	Q96KN2	0.191970084
proteome	plasma/SGLT2i	plasma	SGLT2i	25	P16422	0.190982962
