scope	layer	feature	beta	se	p	ci_halfwidth	k	Q	I2	tau2	n	n_min
liver_table	transcriptome	loeuf	-0.004923669475327279	0.009173474541987732	0.5914548469615921		1				15907	15907
liver_table	transcriptome	tau	-0.05130049163746674	0.008984105327585257	1.1288383396905816e-08		1				15907	15907
liver_table	transcriptome	n_drug_log	0.016641843247414023	0.008567869743477716	0.05209415859495107		1				15907	15907
liver_table	transcriptome	n_gwas_log	0.034929497602154955	0.008486429870247274	3.856319168604532e-05		1				15907	15907
liver_table	transcriptome	is_secreted	-0.0023426295737332104	0.008544043186137938	0.7839441553586801		1				15907	15907
liver_table	transcriptome	is_enzyme	0.0078018947402944735	0.008161043450584639	0.33907612213035876		1				15907	15907
liver_table	transcriptome	is_membrane	0.04109926636832319	0.008295234602350524	7.249284991085146e-07		1				15907	15907
liver_table	transcriptome	arch_nsig	-0.008997840726332595	0.025179493398244754	0.7208313262773739		1				15907	15907
liver_table	transcriptome	arch_str	-0.005754828711557108	0.011906484837746477	0.6288574237141253		1				15907	15907
liver_table	transcriptome	causal_nonEGFR	-0.003478221822676442	0.005253396905196149	0.5079135118125963		1				15907	15907
liver_table	transcriptome	has_arch	-0.014492099630543926	0.02430357470555714	0.5509781830194918		1				15907	15907
adipose_table	transcriptome	loeuf	-0.02344875418009787	0.00903808064071	0.00947452635236783		1				15767	15767
adipose_table	transcriptome	tau	-0.004929262088820937	0.008808298507511017	0.5757415972764701		1				15767	15767
adipose_table	transcriptome	n_drug_log	0.012316378942776136	0.008259020504435912	0.13589222872216095		1				15767	15767
adipose_table	transcriptome	n_gwas_log	-0.007236582458702556	0.008398640473548522	0.38888710198608734		1				15767	15767
adipose_table	transcriptome	is_secreted	-0.012292923664761	0.00820515515743256	0.13408255528035268		1				15767	15767
adipose_table	transcriptome	is_enzyme	-0.01161144331995124	0.008116568720888886	0.15254912337956414		1				15767	15767
adipose_table	transcriptome	is_membrane	-0.005453707489567092	0.008059817893228963	0.498625550271917		1				15767	15767
adipose_table	transcriptome	arch_nsig	-0.034684922933028946	0.023135659638315747	0.13382240518835906		1				15767	15767
adipose_table	transcriptome	arch_str	-0.008262434352491027	0.01163538902203023	0.47763441986965693		1				15767	15767
adipose_table	transcriptome	causal_nonEGFR	-0.0051317426988899805	0.007830970275579517	0.512265753219543		1				15767	15767
adipose_table	transcriptome	has_arch	0.01723745220991318	0.024261495764143208	0.4774028318042641		1				15767	15767
gse141221_adipose_table	transcriptome	loeuf	-0.005605727021057261	0.009617939119021817	0.560000497827551		1				12198	12198
gse141221_adipose_table	transcriptome	tau	0.11048863913496336	0.009638489320390204	2.017427517250921e-30		1				12198	12198
gse141221_adipose_table	transcriptome	n_drug_log	0.04192386279351922	0.009549021301554824	1.1315107569871778e-05		1				12198	12198
gse141221_adipose_table	transcriptome	n_gwas_log	-0.02606326961281296	0.009614763543275916	0.00671301814229391		1				12198	12198
gse141221_adipose_table	transcriptome	is_secreted	0.025409406709299653	0.009604645507824647	0.00815623294202725		1				12198	12198
gse141221_adipose_table	transcriptome	is_enzyme	0.006357100295831906	0.009291649145830128	0.49386560168076277		1				12198	12198
gse141221_adipose_table	transcriptome	is_membrane	0.0027417850659509635	0.009123887650409125	0.7637910462893474		1				12198	12198
gse141221_adipose_table	transcriptome	arch_nsig	-0.04636735415388881	0.0297134780762361	0.11864596904726958		1				12198	12198
gse141221_adipose_table	transcriptome	arch_str	0.002959848114419019	0.012933444813364108	0.8189837444826226		1				12198	12198
gse141221_adipose_table	transcriptome	causal_nonEGFR	-0.00013923955335261992	0.006441492792660449	0.9827542400012044		1				12198	12198
gse141221_adipose_table	transcriptome	has_arch	0.022534301212617926	0.028984307335647656	0.43688413622221733		1				12198	12198
gse273902_blood_table	transcriptome	loeuf	0.021592057841421784	0.010396069550316446	0.0378066964338086		1				10681	10681
gse273902_blood_table	transcriptome	tau	0.027479755856161702	0.011155006863857555	0.013760866296585916		1				10681	10681
gse273902_blood_table	transcriptome	n_drug_log	0.0477529274470728	0.010380609382197427	4.220760907917708e-06		1				10681	10681
gse273902_blood_table	transcriptome	n_gwas_log	-0.036193064191667866	0.010092566126642288	0.0003356459075084816		1				10681	10681
gse273902_blood_table	transcriptome	is_secreted	0.010533669925917935	0.011035896433044376	0.33983488300675824		1				10681	10681
gse273902_blood_table	transcriptome	is_enzyme	-0.03349484653340481	0.009614336277776785	0.0004942677235550316		1				10681	10681
gse273902_blood_table	transcriptome	is_membrane	-0.049218849466538754	0.009687084126453879	3.757031650170103e-07		1				10681	10681
gse273902_blood_table	transcriptome	arch_nsig	-0.014230855567563613	0.028610964268126773	0.6189128719620277		1				10681	10681
gse273902_blood_table	transcriptome	arch_str	-0.004068221616898708	0.014049449517458205	0.7721494401445991		1				10681	10681
gse273902_blood_table	transcriptome	causal_nonEGFR	-0.020394509211599673	0.011688069141851762	0.081002316611251		1				10681	10681
gse273902_blood_table	transcriptome	has_arch	0.026194288085629496	0.028175508920425432	0.352535304647296		1				10681	10681
gse157585_muscle_table	transcriptome	loeuf	-0.02158099845392767	0.0095640590361106	0.024041302585237272		1				11628	11628
gse157585_muscle_table	transcriptome	tau	0.09300468375341052	0.009643420942982338	5.193095295106476e-22		1				11628	11628
gse157585_muscle_table	transcriptome	n_drug_log	0.015609260122107716	0.009915405050610391	0.11543120886740203		1				11628	11628
gse157585_muscle_table	transcriptome	n_gwas_log	0.012889854090104357	0.00983483154619749	0.18998180806742804		1				11628	11628
gse157585_muscle_table	transcriptome	is_secreted	0.0737896417235102	0.01086986827232014	1.1333854485346508e-11		1				11628	11628
gse157585_muscle_table	transcriptome	is_enzyme	-0.011770592211192536	0.009278666099698385	0.20459620980972326		1				11628	11628
gse157585_muscle_table	transcriptome	is_membrane	0.032027261676618166	0.00934972929931516	0.0006137259670010156		1				11628	11628
gse157585_muscle_table	transcriptome	arch_nsig	-0.06361629297423568	0.02536302188307802	0.012133765079541402		1				11628	11628
gse157585_muscle_table	transcriptome	arch_str	-0.007386807932201716	0.013886118033929185	0.5947562643743847		1				11628	11628
gse157585_muscle_table	transcriptome	causal_nonEGFR	-0.002843880612711972	0.005850490185505281	0.6269014373351671		1				11628	11628
gse157585_muscle_table	transcriptome	has_arch	0.028250338472807446	0.02616622990902938	0.28029860589418065		1				11628	11628
gse43471_adipose_table	transcriptome	loeuf	0.008079386629239915	0.008679432838648103	0.35192302101559303		1				16630	16630
gse43471_adipose_table	transcriptome	tau	0.010971301943696119	0.00849728267906268	0.1966502242096434		1				16630	16630
gse43471_adipose_table	transcriptome	n_drug_log	0.01951464984416568	0.008269863794217175	0.018288215430095574		1				16630	16630
gse43471_adipose_table	transcriptome	n_gwas_log	0.006849028238896729	0.008247514528052613	0.4062926432024716		1				16630	16630
gse43471_adipose_table	transcriptome	is_secreted	0.015555689169192564	0.007988483017965203	0.051503035720716704		1				16630	16630
gse43471_adipose_table	transcriptome	is_enzyme	0.006566710924682498	0.008005731169956436	0.41207289647028844		1				16630	16630
gse43471_adipose_table	transcriptome	is_membrane	0.023292196579341163	0.007921278210879838	0.0032772600011908735		1				16630	16630
gse43471_adipose_table	transcriptome	arch_nsig	-0.01127761534244964	0.022145762878764318	0.6105806206246076		1				16630	16630
gse43471_adipose_table	transcriptome	arch_str	-0.008946469191791397	0.012024811880929395	0.45687601463971295		1				16630	16630
gse43471_adipose_table	transcriptome	causal_nonEGFR	-0.00858910596727304	0.007723249076047584	0.2660906663088348		1				16630	16630
gse43471_adipose_table	transcriptome	has_arch	-0.0024479262511349835	0.022272380487880723	0.9124818587410946		1				16630	16630
gse83352_muscle_exercise_table	transcriptome	loeuf	0.0021046423213103294	0.009888455886027197	0.8314530747560738		1				13288	13288
gse83352_muscle_exercise_table	transcriptome	tau	0.04725836431195128	0.009801467761359269	1.4243990536467301e-06		1				13288	13288
gse83352_muscle_exercise_table	transcriptome	n_drug_log	0.008357013027949584	0.009220209193113624	0.3647347653237202		1				13288	13288
gse83352_muscle_exercise_table	transcriptome	n_gwas_log	0.009666830788466634	0.009397135981583475	0.3036208197924053		1				13288	13288
gse83352_muscle_exercise_table	transcriptome	is_secreted	-0.013421336164290601	0.009176050799355611	0.14356360794821377		1				13288	13288
gse83352_muscle_exercise_table	transcriptome	is_enzyme	0.012620063392560048	0.00890611893151148	0.15647987887347045		1				13288	13288
gse83352_muscle_exercise_table	transcriptome	is_membrane	0.026267004309423442	0.008962410848145266	0.003380939411142395		1				13288	13288
gse83352_muscle_exercise_table	transcriptome	arch_nsig	-0.020149812482083515	0.02736102868106975	0.4614617125523439		1				13288	13288
gse83352_muscle_exercise_table	transcriptome	arch_str	0.013534082401403446	0.013043152270006166	0.2994381923472019		1				13288	13288
gse83352_muscle_exercise_table	transcriptome	causal_nonEGFR	-0.004023020073386545	0.011853464482400485	0.7343113271639569		1				13288	13288
gse83352_muscle_exercise_table	transcriptome	has_arch	0.0045281757444566705	0.02766456019274546	0.8699819094287846		1				13288	13288
gse106737_liver_bariatric_table	transcriptome	loeuf	0.0036618741743606217	0.009055659037109452	0.6859376266173423		1				15937	15937
gse106737_liver_bariatric_table	transcriptome	tau	-0.0066095806171884664	0.008791707122335289	0.45217303846669654		1				15937	15937
gse106737_liver_bariatric_table	transcriptome	n_drug_log	0.02887913158314943	0.008720825688335165	0.0009279277840675335		1				15937	15937
gse106737_liver_bariatric_table	transcriptome	n_gwas_log	0.028047276284918075	0.008444516888106712	0.0008958007536970714		1				15937	15937
gse106737_liver_bariatric_table	transcriptome	is_secreted	0.010020028063806594	0.008583108648288833	0.24304383780283112		1				15937	15937
gse106737_liver_bariatric_table	transcriptome	is_enzyme	-0.012639286523196644	0.008210452273317926	0.12370321832488214		1				15937	15937
gse106737_liver_bariatric_table	transcriptome	is_membrane	0.023977010610947248	0.008140163953345537	0.0032241295826517446		1				15937	15937
gse106737_liver_bariatric_table	transcriptome	arch_nsig	-0.03544522516464128	0.02477038332136028	0.1524440231448751		1				15937	15937
gse106737_liver_bariatric_table	transcriptome	arch_str	0.007284240248207123	0.011928847091968724	0.5414374326305625		1				15937	15937
gse106737_liver_bariatric_table	transcriptome	causal_nonEGFR	-0.00043640952077743004	0.009336184267368907	0.9627173536328704		1				15937	15937
gse106737_liver_bariatric_table	transcriptome	has_arch	0.008666380640082738	0.025119976100605478	0.730094703368011		1				15937	15937
gse77962_adipose_diet_table	transcriptome	loeuf	-0.04389212377245727	0.008796048154430804	6.038485472776226e-07		1				15945	15945
gse77962_adipose_diet_table	transcriptome	tau	0.047814747040577116	0.008528896391838417	2.0681023237770743e-08		1				15945	15945
gse77962_adipose_diet_table	transcriptome	n_drug_log	0.018230531947032225	0.008332798717347357	0.028683868565314557		1				15945	15945
gse77962_adipose_diet_table	transcriptome	n_gwas_log	0.00837961451739473	0.008492647215129266	0.3237943776867154		1				15945	15945
gse77962_adipose_diet_table	transcriptome	is_secreted	0.004065640929283398	0.008266116234715938	0.6228295214658469		1				15945	15945
gse77962_adipose_diet_table	transcriptome	is_enzyme	0.013647432693389775	0.008141318018907913	0.09367604714060217		1				15945	15945
gse77962_adipose_diet_table	transcriptome	is_membrane	-0.028582502328565344	0.00808916055719572	0.000410200913796781		1				15945	15945
gse77962_adipose_diet_table	transcriptome	arch_nsig	-0.015643259180477955	0.026564407157090804	0.5559414948934251		1				15945	15945
gse77962_adipose_diet_table	transcriptome	arch_str	-0.012207401012995655	0.012228776906466803	0.3181571765185739		1				15945	15945
gse77962_adipose_diet_table	transcriptome	causal_nonEGFR	-0.008856648954326715	0.010846105269244639	0.4141718451660247		1				15945	15945
gse77962_adipose_diet_table	transcriptome	has_arch	0.01873124124471101	0.025787028255234226	0.46760443055559464		1				15945	15945
META_completecase	transcriptome	arch_nsig	-0.027412560782395075			0.014224049328662482	9	4.193140036470438	0.0	0.0	15767	10681
META_completecase	transcriptome	arch_str	-0.002721399254201169			0.0065877512577973436	9	3.733220992036021	0.0	0.0	15767	10681
META_completecase	transcriptome	causal_nonEGFR	-0.0044472639532146365			0.003601560491154994	9	3.0643696819056516	0.0	0.0	15767	10681
META_completecase	transcriptome	has_arch	0.010844345742195333			0.011155821559257059	9	2.567576619442972	0.0	0.0	15767	10681
META_completecase	transcriptome	is_enzyme	-0.002204931366133464			0.011935639539404035	9	24.6934576685094	67.60275491835198	0.00015384055078788603	15767	10681
META_completecase	transcriptome	is_membrane	0.007448369879143919			0.02315728778882023	9	92.71190697813367	91.37111913587667	0.000777937316469064	15767	10681
META_completecase	transcriptome	is_secreted	0.011823675539514172			0.019821106324547557	9	53.95844015328622	85.17377452485016	0.00046490127403066674	15767	10681
META_completecase	transcriptome	loeuf	-0.007346655846073646			0.01512016769345566	9	35.99956598030876	77.7775098611581	0.00030407598724684147	15767	10681
META_completecase	transcriptome	n_drug_log	0.02265257380921751			0.01001205683406775	9	15.7934798818473	49.34618551548582	7.806977793656673e-05	15767	10681
META_completecase	transcriptome	n_gwas_log	0.003793403514330465			0.017747436254519466	9	50.19542551331006	84.06229269263056	0.00042138433669021506	15767	10681
META_completecase	transcriptome	tau	0.03037119098592558			0.03901296153905086	9	239.33182434430356	96.65736054036375	0.002467589178481231	15767	10681
