panel	layer	feature	beta	se	p	n	loeuf_cc	p_bonf
liver_table	transcriptome	loeuf	-0.002963598528173825	0.006652732591115128	0.6559795117038831	28541	-0.043147857486524076	1.0
liver_table	transcriptome	tau	-0.04693037244891476	0.007142834964081963	5.022324911509753e-11	28541		6.529022384962679e-10
liver_table	transcriptome	n_drug_log	0.013826917218075174	0.006640760746903112	0.03733073387588636	28541		0.4852995403865227
liver_table	transcriptome	n_gwas_log	0.05381810232502149	0.0063098694179524375	1.4737047600065485e-17	28541		1.915816188008513e-16
liver_table	transcriptome	is_secreted	-0.015973371871383778	0.006276170764229164	0.01092519480685522	28541		0.14202753248911787
liver_table	transcriptome	is_enzyme	0.004609702908642107	0.0063897218789812655	0.470648281271566	28541		1.0
liver_table	transcriptome	is_membrane	0.025389706720129565	0.006545015024944633	0.00010478184342950012	28541		0.0013621639645835016
liver_table	transcriptome	arch_nsig	-0.017174066259431492	0.018111569119237142	0.34300863814858185	28541		1.0
liver_table	transcriptome	arch_str	0.0023711962077683306	0.008828331222343746	0.7882456683311531	28541		1.0
liver_table	transcriptome	causal_nonEGFR	-0.00013240539342851635	0.0054984813380797234	0.980788511644601	28541		1.0
liver_table	transcriptome	has_arch	0.0021741069862888152	0.01764205992162924	0.9019215614464726	28541		1.0
liver_table	transcriptome	loeuf_miss	0.016381988140570097	0.009467178896523033	0.08355917750085591	28541		1.0
liver_table	transcriptome	tau_miss	-0.04085793259313459	0.008037429703726454	3.706254685499977e-07	28541		4.8181310911499705e-06
adipose_table	transcriptome	loeuf	-0.018578590786774523	0.007294708742878102	0.010869750602985917	23179	-0.02619556250173875	0.14130675783881694
adipose_table	transcriptome	tau	-0.0036756560306948414	0.007569099851004264	0.6272413204411411	23179		1.0
adipose_table	transcriptome	n_drug_log	0.007952930419189022	0.006972285132801001	0.25401599644998574	23179		1.0
adipose_table	transcriptome	n_gwas_log	-0.002462888857460209	0.007331901163310124	0.736935656672166	23179		1.0
adipose_table	transcriptome	is_secreted	-0.010248255623352248	0.006791978484719586	0.13133038774200606	23179		1.0
adipose_table	transcriptome	is_enzyme	-0.011087001993844083	0.006940088931801045	0.11014756065646927	23179		1.0
adipose_table	transcriptome	is_membrane	-0.005853917306070666	0.006949390934247848	0.3995841921903084	23179		1.0
adipose_table	transcriptome	arch_nsig	-0.03617194115637796	0.019411199071796774	0.06239795083061673	23179		0.8111733607980175
adipose_table	transcriptome	arch_str	-0.0012568500583763275	0.009911820844384476	0.8990962062738553	23179		1.0
adipose_table	transcriptome	causal_nonEGFR	-0.004703355866696006	0.006463899400876613	0.466837388056761	23179		1.0
adipose_table	transcriptome	has_arch	0.018929568570236272	0.020307453862602447	0.3512596357844381	23179		1.0
adipose_table	transcriptome	loeuf_miss	-0.0005649383092986566	0.010399971672656133	0.9566793077405549	23179		1.0
adipose_table	transcriptome	tau_miss	0.00345713038404023	0.009397883379954569	0.71297564346035	23179		1.0
gse141221_adipose_table	transcriptome	loeuf	0.0008013685559671544	0.008850064297184313	0.9278505907914842	14231	0.015882131594126176	1.0
gse141221_adipose_table	transcriptome	tau	0.098963063327986	0.009026636858865721	5.727480128783953e-28	14231		7.445724167419139e-27
gse141221_adipose_table	transcriptome	n_drug_log	0.03913584930387207	0.00894079502442086	1.202012424345231e-05	14231		0.00015626161516488004
gse141221_adipose_table	transcriptome	n_gwas_log	-0.003978926113289427	0.009310593378631039	0.6691209755739144	14231		1.0
gse141221_adipose_table	transcriptome	is_secreted	0.02470390786477206	0.008875571580743067	0.0053799132060093615	14231		0.0699388716781217
gse141221_adipose_table	transcriptome	is_enzyme	0.00562264685771788	0.008780588965037785	0.5219453245363492	14231		1.0
gse141221_adipose_table	transcriptome	is_membrane	0.0056976257362855625	0.008666766648363742	0.5109168283539983	14231		1.0
gse141221_adipose_table	transcriptome	arch_nsig	-0.04766788810140888	0.027426870469867266	0.08221089584985233	14231		1.0
gse141221_adipose_table	transcriptome	arch_str	0.005619927717154829	0.01204640180128961	0.6408409382823828	14231		1.0
gse141221_adipose_table	transcriptome	causal_nonEGFR	-0.0010456973086600274	0.005944593095229483	0.8603667718404104	14231		1.0
gse141221_adipose_table	transcriptome	has_arch	0.02350069190075282	0.026594329481069493	0.3768727395154533	14231		1.0
gse141221_adipose_table	transcriptome	loeuf_miss	-0.05373941790259883	0.009845771236484939	4.811977323496795e-08	14231		6.255570520545834e-07
gse141221_adipose_table	transcriptome	tau_miss	0.0015469024808946034	0.00885121673218091	0.8612625519417842	14231		1.0
gse273902_blood_table	transcriptome	loeuf	0.021679700548439002	0.008788414747509606	0.013630746027833996	14647	0.03461499422638703	0.17719969836184196
gse273902_blood_table	transcriptome	tau	0.010259471375002537	0.010072797680068295	0.3084249841104303	14647		1.0
gse273902_blood_table	transcriptome	n_drug_log	0.04547676467599612	0.00909216197101286	5.681082132621305e-07	14647		7.3854067724076965e-06
gse273902_blood_table	transcriptome	n_gwas_log	-0.03928895769148705	0.008803830984488364	8.092898650605036e-06	14647		0.00010520768245786546
gse273902_blood_table	transcriptome	is_secreted	0.03621896532423296	0.009652074374980446	0.00017511195432157357	14647		0.0022764554061804566
gse273902_blood_table	transcriptome	is_enzyme	-0.028231809830374537	0.008522403705196411	0.0009241387086208982	14647		0.012013803212071676
gse273902_blood_table	transcriptome	is_membrane	-0.04739720088417336	0.008741387997678728	5.888327050980303e-08	14647		7.654825166274394e-07
gse273902_blood_table	transcriptome	arch_nsig	-0.03198179066987548	0.025718245904261295	0.21366714703958267	14647		1.0
gse273902_blood_table	transcriptome	arch_str	-0.0011626918550914935	0.012519178206426382	0.9260045690106826	14647		1.0
gse273902_blood_table	transcriptome	causal_nonEGFR	-0.016635726547525036	0.009971215835485584	0.09524132125500537	14647		1.0
gse273902_blood_table	transcriptome	has_arch	0.03401369772035176	0.025119646611435766	0.17571483569764146	14647		1.0
gse273902_blood_table	transcriptome	loeuf_miss	0.028446835493798173	0.013327826306336995	0.03281052396153562	14647		0.4265368114999631
gse273902_blood_table	transcriptome	tau_miss	-0.008954082453126958	0.01256124115806115	0.47594835202139907	14647		1.0
gse157585_muscle_table	transcriptome	loeuf	-0.015948501012634602	0.008672089597623101	0.06590622725489972	14009	-0.013640414727099624	0.8567809543136964
gse157585_muscle_table	transcriptome	tau	0.08051364240176614	0.008835848339421961	8.075964014024836e-20	14009		1.0498753218232288e-18
gse157585_muscle_table	transcriptome	n_drug_log	0.015000645258247689	0.009151569553916838	0.10118543625948095	14009		1.0
gse157585_muscle_table	transcriptome	n_gwas_log	0.01903961501625484	0.00899725620773781	0.03433137844382955	14009		0.4463079197697842
gse157585_muscle_table	transcriptome	is_secreted	0.06888236806641589	0.009824907763054124	2.3663110974406968e-12	14009		3.076204426672906e-11
gse157585_muscle_table	transcriptome	is_enzyme	-0.009784433993788234	0.00861644169534588	0.2561433106553874	14009		1.0
gse157585_muscle_table	transcriptome	is_membrane	0.03812087818850131	0.008737195256908234	1.282576926508552e-05	14009		0.00016673500044611176
gse157585_muscle_table	transcriptome	arch_nsig	-0.04906374251039725	0.021815988715574518	0.024513709606895664	14009		0.31867822488964365
gse157585_muscle_table	transcriptome	arch_str	-0.005778196482337546	0.01239003089998871	0.6409588966725135	14009		1.0
gse157585_muscle_table	transcriptome	causal_nonEGFR	-0.0025908637359670673	0.005400099411540306	0.6313833035361873	14009		1.0
gse157585_muscle_table	transcriptome	has_arch	0.013089453206724267	0.023046282016844936	0.5700595694734143	14009		1.0
gse157585_muscle_table	transcriptome	loeuf_miss	-0.0732973562537411	0.011746238410670448	4.3737361359873157e-10	14009		5.6858569767835105e-09
gse157585_muscle_table	transcriptome	tau_miss	0.001604057887716636	0.011466135271119133	0.8887427524444707	14009		1.0
gse43471_adipose_table	transcriptome	loeuf	0.003970739521601219	0.007985322646345643	0.6190094253084428	19564	0.006365107861306852	1.0
gse43471_adipose_table	transcriptome	tau	0.014046858228752278	0.007982297472755853	0.07844998624243549	19564		1.0
gse43471_adipose_table	transcriptome	n_drug_log	0.01929811456463666	0.007694155172206529	0.012136427461328444	19564		0.15777355699726978
gse43471_adipose_table	transcriptome	n_gwas_log	0.005337213275585385	0.007675430134070132	0.4868275846865454	19564		1.0
gse43471_adipose_table	transcriptome	is_secreted	0.012001395468124213	0.007385229219133524	0.10415107672436089	19564		1.0
gse43471_adipose_table	transcriptome	is_enzyme	0.008430264380551288	0.007492645470935637	0.2605303210608869	19564		1.0
gse43471_adipose_table	transcriptome	is_membrane	0.02122092823662967	0.007429667146090026	0.00428688089570667	19564		0.05572945164418671
gse43471_adipose_table	transcriptome	arch_nsig	-0.009557713068813107	0.020367040071541397	0.6388741233191564	19564		1.0
gse43471_adipose_table	transcriptome	arch_str	-0.009529133463674457	0.01102367490005249	0.38735479864504896	19564		1.0
gse43471_adipose_table	transcriptome	causal_nonEGFR	-0.007655312610943451	0.007111759156002755	0.2817348844034391	19564		1.0
gse43471_adipose_table	transcriptome	has_arch	-0.004618086062203931	0.020649084552006817	0.8230327334396662	19564		1.0
gse43471_adipose_table	transcriptome	loeuf_miss	-0.012173454110067705	0.009457031636725241	0.19801121275061517	19564		1.0
gse43471_adipose_table	transcriptome	tau_miss	0.01108114009344203	0.009213432251084366	0.22908633636230402	19564		1.0
gse83352_muscle_exercise_table	transcriptome	loeuf	-0.00011504880550278215	0.008960790287141123	0.9897561330211678	15914	0.01086517719279179	1.0
gse83352_muscle_exercise_table	transcriptome	tau	0.04496531334938562	0.009082188200544534	7.385819271753069e-07	15914		9.60156505327899e-06
gse83352_muscle_exercise_table	transcriptome	n_drug_log	0.008384510415054646	0.008527923239115375	0.3255173073106463	15914		1.0
gse83352_muscle_exercise_table	transcriptome	n_gwas_log	0.010337519579891942	0.008827532137213663	0.2415769465078319	15914		1.0
gse83352_muscle_exercise_table	transcriptome	is_secreted	-0.011157386023093876	0.008369080346886111	0.18247683823058303	15914		1.0
gse83352_muscle_exercise_table	transcriptome	is_enzyme	0.010602738525108244	0.008273759592613292	0.20002168037840695	15914		1.0
gse83352_muscle_exercise_table	transcriptome	is_membrane	0.022027192962942425	0.008397542358065491	0.008714588889099692	15914		0.113289655558296
gse83352_muscle_exercise_table	transcriptome	arch_nsig	-0.02648053805063641	0.024940529365689024	0.28835045034230133	15914		1.0
gse83352_muscle_exercise_table	transcriptome	arch_str	0.009000213005401422	0.01206584057435759	0.4557126784646591	15914		1.0
gse83352_muscle_exercise_table	transcriptome	causal_nonEGFR	-0.004850754230049207	0.010113224061771954	0.6314800623921708	15914		1.0
gse83352_muscle_exercise_table	transcriptome	has_arch	0.012745017589474586	0.025210159325392657	0.6131719895641989	15914		1.0
gse83352_muscle_exercise_table	transcriptome	loeuf_miss	-0.005881015809807262	0.010391230284374407	0.5714212918612862	15914		1.0
gse83352_muscle_exercise_table	transcriptome	tau_miss	0.020357063011143633	0.009820641113557951	0.03818295151477129	15914		0.49637836969202676
gse106737_liver_bariatric_table	transcriptome	loeuf	0.0030135591171841646	0.0071418647494301685	0.6730564761320394	24470	-0.008461911100418145	1.0
gse106737_liver_bariatric_table	transcriptome	tau	-0.009660816232326955	0.007359000389226394	0.18925399031756807	24470		1.0
gse106737_liver_bariatric_table	transcriptome	n_drug_log	0.02370599776671748	0.007258966075008543	0.0010917303166292705	24470		0.014192494116180517
gse106737_liver_bariatric_table	transcriptome	n_gwas_log	0.02542735372218504	0.00679663123135703	0.00018316547563264064	24470		0.0023811511832243283
gse106737_liver_bariatric_table	transcriptome	is_secreted	0.00878025539650938	0.006931995335416756	0.20528854169146116	24470		1.0
gse106737_liver_bariatric_table	transcriptome	is_enzyme	-0.009919411240596148	0.006882809371451526	0.14953203029212073	24470		1.0
gse106737_liver_bariatric_table	transcriptome	is_membrane	0.024603383881432326	0.006930184602699532	0.00038497182264579877	24470		0.005004633694395384
gse106737_liver_bariatric_table	transcriptome	arch_nsig	-0.0359101959717468	0.019062863273106707	0.05959505657634757	24470		0.7747357354925184
gse106737_liver_bariatric_table	transcriptome	arch_str	0.010727334916018929	0.009467424874478566	0.2571813184957198	24470		1.0
gse106737_liver_bariatric_table	transcriptome	causal_nonEGFR	0.000142487337276451	0.007003917980100147	0.9837689982698481	24470		1.0
gse106737_liver_bariatric_table	transcriptome	has_arch	0.011411152400468846	0.019437274419384483	0.5571528352852558	24470		1.0
gse106737_liver_bariatric_table	transcriptome	loeuf_miss	-0.01279105315422918	0.009701066622058647	0.18732953816609188	24470		1.0
gse106737_liver_bariatric_table	transcriptome	tau_miss	-0.0031878745420721127	0.008634787198617658	0.7119863286272274	24470		1.0
gse77962_adipose_diet_table	transcriptome	loeuf	-0.03904317688753618	0.008103108839799537	1.4478946308290258e-06	18615	-0.03441477160472359	1.8822630200777336e-05
gse77962_adipose_diet_table	transcriptome	tau	0.04348148003421857	0.007970327118079412	4.885729132133955e-08	18615		6.351447871774142e-07
gse77962_adipose_diet_table	transcriptome	n_drug_log	0.01595942136207125	0.007795978693092606	0.04064482477031236	18615		0.5283827220140607
gse77962_adipose_diet_table	transcriptome	n_gwas_log	0.018123468507852625	0.007921208381913916	0.022139405239895268	18615		0.28781226811863847
gse77962_adipose_diet_table	transcriptome	is_secreted	0.0039539499330356834	0.007614628080328973	0.6035814434121297	18615		1.0
gse77962_adipose_diet_table	transcriptome	is_enzyme	0.011515087831570663	0.007635527661873306	0.13153065905211467	18615		1.0
gse77962_adipose_diet_table	transcriptome	is_membrane	-0.026365167564158826	0.0076151863982336305	0.000535813043814302	18615		0.006965569569585927
gse77962_adipose_diet_table	transcriptome	arch_nsig	-0.012403418764808067	0.024402251520507123	0.6112500296902046	18615		1.0
gse77962_adipose_diet_table	transcriptome	arch_str	-0.007015613742519208	0.011301015478766474	0.5347345228778236	18615		1.0
gse77962_adipose_diet_table	transcriptome	causal_nonEGFR	-0.008866636280188427	0.010150356514864477	0.38237451111288345	18615		1.0
gse77962_adipose_diet_table	transcriptome	has_arch	0.0156520154713297	0.023850307650009187	0.5116565104567605	18615		1.0
gse77962_adipose_diet_table	transcriptome	loeuf_miss	-0.05658091587313754	0.009178698169668473	7.076312393189835e-10	18615		9.199206111146785e-09
gse77962_adipose_diet_table	transcriptome	tau_miss	-0.01636483022856851	0.008939057591256131	0.06714370428222062	18615		0.8728681556688681
reversal_olink_bbs	proteome	loeuf	-0.048636115205701685	0.02883239242442488	0.09163090396347481	1463	0.01867148560024428	1.0
reversal_olink_bbs	proteome	tau	0.15151947312658268	0.028477393985421148	1.0337267194753762e-07	1463		1.343844735317989e-06
reversal_olink_bbs	proteome	n_drug_log	0.028578200002799422	0.027865461802385187	0.30509061933631787	1463		1.0
reversal_olink_bbs	proteome	n_gwas_log	-0.039839628577286956	0.02804073933298673	0.1553816917754435	1463		1.0
reversal_olink_bbs	proteome	is_secreted	0.08402146339156777	0.03138089030881166	0.007417999419611757	1463		0.09643399245495284
reversal_olink_bbs	proteome	is_enzyme	0.0034115096519753444	0.028251387545927847	0.9038847197239065	1463		1.0
reversal_olink_bbs	proteome	is_membrane	0.0029659031385740435	0.031614814386318475	0.9252571379484646	1463		1.0
reversal_olink_bbs	proteome	arch_nsig	0.05145884501160237	0.15148496376026307	0.7340854307872178	1463		1.0
reversal_olink_bbs	proteome	arch_str	0.031120734945277128	0.0643049497053999	0.6284174414378441	1463		1.0
reversal_olink_bbs	proteome	causal_nonEGFR	0.049701651694809106	0.028222097051716577	0.07822317851019323	1463		1.0
reversal_olink_bbs	proteome	has_arch	-0.04538420992031707	0.19418565752891775	0.8152058062261601	1463		1.0
reversal_olink_bbs	proteome	loeuf_miss	0.0990901244392198	0.09794653867537485	0.311693180044496	1463		1.0
reversal_olink_bbs	proteome	tau_miss	-0.11703741891862474	0.14501230437283472	0.41961686495964867	1463		1.0
reversal_somascan_direct	proteome	loeuf	-0.01577537494770081	0.018853049405775243	0.4027305473403052	4170	-0.06414923038594011	1.0
reversal_somascan_direct	proteome	tau	-0.0512484609816573	0.017577037351278177	0.003549502483545334	4170		0.04614353228608934
reversal_somascan_direct	proteome	n_drug_log	0.015855512893103982	0.01809371441879707	0.38086723695979363	4170		1.0
reversal_somascan_direct	proteome	n_gwas_log	0.017730269479189285	0.018339709480145967	0.33365933706352024	4170		1.0
reversal_somascan_direct	proteome	is_secreted	-0.061573199192444736	0.02324389465989667	0.008072907540893213	4170		0.10494779803161176
reversal_somascan_direct	proteome	is_enzyme	0.012469311559772382	0.01916761919737344	0.5153431840807575	4170		1.0
reversal_somascan_direct	proteome	is_membrane	-0.08520357648591463	0.02214220357643056	0.0001190777765210486	4170		0.0015480110947736318
reversal_somascan_direct	proteome	arch_nsig	0.005359505868798088	0.6851478038840991	0.993758684839158	4170		1.0
reversal_somascan_direct	proteome	arch_str	-0.16223368006509364	0.06402474592765559	0.011279399743819227	4170		0.14663219666964997
reversal_somascan_direct	proteome	causal_nonEGFR	0.00813290016953272	0.01803679384353226	0.6520572348356999	4170		1.0
reversal_somascan_direct	proteome	has_arch	0.11441911945056064	0.6925952785667658	0.8687838612606507	4170		1.0
reversal_somascan_direct	proteome	loeuf_miss	-0.16962600809198505	0.07881287772152716	0.03137667871861499	4170		0.4078968233419949
reversal_somascan_direct	proteome	tau_miss	0.030005718442836612	0.12041173889870993	0.8032117765643406	4170		1.0
reversal_emperor	proteome	loeuf	0.20846087404427158	0.0319994213707035	7.292241213743466e-11	1274	0.21985923250671036	9.479913577866506e-10
reversal_emperor	proteome	tau	-0.024152771187160343	0.029208238180260335	0.4082844468599037	1274		1.0
reversal_emperor	proteome	n_drug_log	0.04497645182584187	0.027865151810389274	0.10651110545125192	1274		1.0
reversal_emperor	proteome	n_gwas_log	0.03156606209324668	0.02813816507508542	0.2619373825009227	1274		1.0
reversal_emperor	proteome	is_secreted	0.03381367152289653	0.030215733078033775	0.26310814380172365	1274		1.0
reversal_emperor	proteome	is_enzyme	-0.08810384766614487	0.029092426673600957	0.0024584284478975484	1274		0.03195956982266813
reversal_emperor	proteome	is_membrane	-0.1526754468703796	0.031001535198053945	8.44594084365391e-07	1274		1.0979723096750084e-05
reversal_emperor	proteome	arch_nsig	-0.25580705034016765	0.07021735244980122	0.00026940076082748786	1274		0.003502209890757342
reversal_emperor	proteome	arch_str	-0.29821808157335444	0.05969929605642552	5.873322003390948e-07	1274		7.635318604408232e-06
reversal_emperor	proteome	causal_nonEGFR	-0.01863138234029879	0.022495439250837097	0.40754064242166677	1274		1.0
reversal_emperor	proteome	has_arch	0.5125135362314711	0.1392503691396159	0.00023276032452382658	1274		0.0030258842188097454
reversal_emperor	proteome	loeuf_miss	0.0599135263665454	0.08255506712396674	0.4679980865463388	1274		1.0
reversal_emperor	proteome	tau_miss	-0.025000266383812534	0.13550490491689005	0.8536234765556541	1274		1.0
