a	b	tis_a	tis_b	kind	tissue	rho
liver-GSE83452	liver-GSE48452	liver	liver	within	liver	0.21360968295332208
liver-GSE83452	liver-GSE106737	liver	liver	within	liver	0.8056499461291937
liver-GSE83452	adi-CR	liver	adipose	cross	cross	0.10663532231326063
liver-GSE83452	adi-LCD	liver	adipose	cross	cross	-0.03330890715587817
liver-GSE83452	adi-dietEx	liver	adipose	cross	cross	0.008012943519722633
liver-GSE83452	adi-RYGB	liver	adipose	cross	cross	0.24350299909267287
liver-GSE83452	adi-diet2	liver	adipose	cross	cross	-0.07533395033893955
liver-GSE83452	adi-dose	liver	adipose	cross	cross	0.15919371700439336
liver-GSE83452	adi-metformin	liver	adipose	cross	cross	0.07240410403532048
liver-GSE83452	adi-endur	liver	adipose	cross	cross	0.031184348499067663
liver-GSE83452	mus-mtfRT	liver	muscle	cross	cross	-0.09024506407854263
liver-GSE83452	mus-exer	liver	muscle	cross	cross	-0.054372806450133745
liver-GSE83452	mus-bari	liver	muscle	cross	cross	-0.06284149835585233
liver-GSE83452	bld-bari	liver	blood	cross	cross	0.13440058830090634
liver-GSE83452	bld-glp1	liver	blood	cross	cross	-0.055555891166332465
liver-GSE83452	bld-exer	liver	blood	cross	cross	-0.037459987907586666
liver-GSE83452	bld-diet	liver	blood	cross	cross	0.055756141819332396
liver-GSE48452	liver-GSE106737	liver	liver	within	liver	0.20065296139460262
liver-GSE48452	adi-CR	liver	adipose	cross	cross	0.07263196663761824
liver-GSE48452	adi-LCD	liver	adipose	cross	cross	-0.14722049375421437
liver-GSE48452	adi-dietEx	liver	adipose	cross	cross	-0.10144215812165226
liver-GSE48452	adi-RYGB	liver	adipose	cross	cross	0.166143934976123
liver-GSE48452	adi-diet2	liver	adipose	cross	cross	0.25100602977524084
liver-GSE48452	adi-dose	liver	adipose	cross	cross	0.09166459510645619
liver-GSE48452	adi-metformin	liver	adipose	cross	cross	0.013223443489473208
liver-GSE48452	adi-endur	liver	adipose	cross	cross	0.06927390254194003
liver-GSE48452	mus-mtfRT	liver	muscle	cross	cross	-0.22105844336115257
liver-GSE48452	mus-exer	liver	muscle	cross	cross	-0.14071242167273357
liver-GSE48452	mus-bari	liver	muscle	cross	cross	0.16031960928970707
liver-GSE48452	bld-bari	liver	blood	cross	cross	0.4480741079750126
liver-GSE48452	bld-glp1	liver	blood	cross	cross	-0.1988438759387971
liver-GSE48452	bld-exer	liver	blood	cross	cross	0.011854584458820745
liver-GSE48452	bld-diet	liver	blood	cross	cross	0.02896223671661845
liver-GSE106737	adi-CR	liver	adipose	cross	cross	0.08760320784782537
liver-GSE106737	adi-LCD	liver	adipose	cross	cross	-0.035182732783323824
liver-GSE106737	adi-dietEx	liver	adipose	cross	cross	0.004673267684170989
liver-GSE106737	adi-RYGB	liver	adipose	cross	cross	0.22005067574722087
liver-GSE106737	adi-diet2	liver	adipose	cross	cross	-0.06339358715992954
liver-GSE106737	adi-dose	liver	adipose	cross	cross	0.13996457494926498
liver-GSE106737	adi-metformin	liver	adipose	cross	cross	0.07910632246693516
liver-GSE106737	adi-endur	liver	adipose	cross	cross	0.005238886975580459
liver-GSE106737	mus-mtfRT	liver	muscle	cross	cross	-0.08835269187738193
liver-GSE106737	mus-exer	liver	muscle	cross	cross	-0.03615515664471547
liver-GSE106737	mus-bari	liver	muscle	cross	cross	-0.03307829658798493
liver-GSE106737	bld-bari	liver	blood	cross	cross	0.0642250364823766
liver-GSE106737	bld-glp1	liver	blood	cross	cross	-0.03702977228365225
liver-GSE106737	bld-exer	liver	blood	cross	cross	-0.02836500065805768
liver-GSE106737	bld-diet	liver	blood	cross	cross	0.08582802799645606
adi-CR	adi-LCD	adipose	adipose	within	adipose	0.516156354952895
adi-CR	adi-dietEx	adipose	adipose	within	adipose	0.1437889231266928
adi-CR	adi-RYGB	adipose	adipose	within	adipose	0.2659672346826784
adi-CR	adi-diet2	adipose	adipose	within	adipose	0.44681672210942924
adi-CR	adi-dose	adipose	adipose	within	adipose	0.3242527845324907
adi-CR	adi-metformin	adipose	adipose	within	adipose	0.21449911248732728
adi-CR	adi-endur	adipose	adipose	within	adipose	0.0493083073224623
adi-CR	mus-mtfRT	adipose	muscle	cross	cross	-0.08987942026860422
adi-CR	mus-exer	adipose	muscle	cross	cross	-0.05592742927471789
adi-CR	mus-bari	adipose	muscle	cross	cross	0.07752637695766545
adi-CR	bld-bari	adipose	blood	cross	cross	0.1936437503974456
adi-CR	bld-glp1	adipose	blood	cross	cross	-0.003860065151755151
adi-CR	bld-exer	adipose	blood	cross	cross	-0.03833113821386007
adi-CR	bld-diet	adipose	blood	cross	cross	-0.003393020960708676
adi-LCD	adi-dietEx	adipose	adipose	within	adipose	0.3751528614622161
adi-LCD	adi-RYGB	adipose	adipose	within	adipose	0.11164567762363305
adi-LCD	adi-diet2	adipose	adipose	within	adipose	0.5482409570840358
adi-LCD	adi-dose	adipose	adipose	within	adipose	0.3394461064040821
adi-LCD	adi-metformin	adipose	adipose	within	adipose	0.15696475255896475
adi-LCD	adi-endur	adipose	adipose	within	adipose	0.07572024559051112
adi-LCD	mus-mtfRT	adipose	muscle	cross	cross	0.0008820932053503338
adi-LCD	mus-exer	adipose	muscle	cross	cross	-0.02999550228732813
adi-LCD	mus-bari	adipose	muscle	cross	cross	0.056365130266577315
adi-LCD	bld-bari	adipose	blood	cross	cross	-0.06188002276649981
adi-LCD	bld-glp1	adipose	blood	cross	cross	0.17773805141751986
adi-LCD	bld-exer	adipose	blood	cross	cross	-0.038548606198170354
adi-LCD	bld-diet	adipose	blood	cross	cross	0.047453480416389575
adi-dietEx	adi-RYGB	adipose	adipose	within	adipose	0.08660027190219236
adi-dietEx	adi-diet2	adipose	adipose	within	adipose	0.14129526411688226
adi-dietEx	adi-dose	adipose	adipose	within	adipose	0.15043447036119276
adi-dietEx	adi-metformin	adipose	adipose	within	adipose	0.023586188616376378
adi-dietEx	adi-endur	adipose	adipose	within	adipose	0.03409515436615631
adi-dietEx	mus-mtfRT	adipose	muscle	cross	cross	0.018881374594208012
adi-dietEx	mus-exer	adipose	muscle	cross	cross	0.03421435654815639
adi-dietEx	mus-bari	adipose	muscle	cross	cross	-0.00409609470841068
adi-dietEx	bld-bari	adipose	blood	cross	cross	-0.11118132256449975
adi-dietEx	bld-glp1	adipose	blood	cross	cross	-0.007557676905802371
adi-dietEx	bld-exer	adipose	blood	cross	cross	0.008317035935374228
adi-dietEx	bld-diet	adipose	blood	cross	cross	-0.0018676578362804871
adi-RYGB	adi-diet2	adipose	adipose	within	adipose	0.09786339295295492
adi-RYGB	adi-dose	adipose	adipose	within	adipose	0.37602175764066464
adi-RYGB	adi-metformin	adipose	adipose	within	adipose	0.10365482531370793
adi-RYGB	adi-endur	adipose	adipose	within	adipose	0.05016949800810611
adi-RYGB	mus-mtfRT	adipose	muscle	cross	cross	-0.17232607738297231
adi-RYGB	mus-exer	adipose	muscle	cross	cross	-0.05980221684147597
adi-RYGB	mus-bari	adipose	muscle	cross	cross	0.03259698605233463
adi-RYGB	bld-bari	adipose	blood	cross	cross	0.18835869245815476
adi-RYGB	bld-glp1	adipose	blood	cross	cross	-0.08572982910452887
adi-RYGB	bld-exer	adipose	blood	cross	cross	-0.03715606961454495
adi-RYGB	bld-diet	adipose	blood	cross	cross	0.023185472685165725
adi-diet2	adi-dose	adipose	adipose	within	adipose	0.2754827110273684
adi-diet2	adi-metformin	adipose	adipose	within	adipose	0.11734473623841994
adi-diet2	adi-endur	adipose	adipose	within	adipose	0.14289390297717453
adi-diet2	mus-mtfRT	adipose	muscle	cross	cross	-0.11502568013241322
adi-diet2	mus-exer	adipose	muscle	cross	cross	-0.13572675985586563
adi-diet2	mus-bari	adipose	muscle	cross	cross	0.26807060900111723
adi-diet2	bld-bari	adipose	blood	cross	cross	0.3976565410044876
adi-diet2	bld-glp1	adipose	blood	cross	cross	0.06759189395482172
adi-diet2	bld-exer	adipose	blood	cross	cross	-0.04466895941840212
adi-diet2	bld-diet	adipose	blood	cross	cross	0.05852739109441938
adi-dose	adi-metformin	adipose	adipose	within	adipose	0.12000200439876794
adi-dose	adi-endur	adipose	adipose	within	adipose	0.08653231358327604
adi-dose	mus-mtfRT	adipose	muscle	cross	cross	-0.08098582716158118
adi-dose	mus-exer	adipose	muscle	cross	cross	-0.06557956899734489
adi-dose	mus-bari	adipose	muscle	cross	cross	0.05942809006902838
adi-dose	bld-bari	adipose	blood	cross	cross	0.15047490276572284
adi-dose	bld-glp1	adipose	blood	cross	cross	0.027478582010851977
adi-dose	bld-exer	adipose	blood	cross	cross	-0.01795599736871393
adi-dose	bld-diet	adipose	blood	cross	cross	0.025701629917967973
adi-metformin	adi-endur	adipose	adipose	within	adipose	-0.05252546962493219
adi-metformin	mus-mtfRT	adipose	muscle	cross	cross	-0.048685928550633334
adi-metformin	mus-exer	adipose	muscle	cross	cross	-0.041203220081448305
adi-metformin	mus-bari	adipose	muscle	cross	cross	0.04642770302340056
adi-metformin	bld-bari	adipose	blood	cross	cross	-0.006500365607963953
adi-metformin	bld-glp1	adipose	blood	cross	cross	0.08801065603670281
adi-metformin	bld-exer	adipose	blood	cross	cross	-0.023567148232013523
adi-metformin	bld-diet	adipose	blood	cross	cross	0.0967844698618802
adi-endur	mus-mtfRT	adipose	muscle	cross	cross	0.033470180050264885
adi-endur	mus-exer	adipose	muscle	cross	cross	-0.03289575247160712
adi-endur	mus-bari	adipose	muscle	cross	cross	0.06062533205686283
adi-endur	bld-bari	adipose	blood	cross	cross	0.1932531059852476
adi-endur	bld-glp1	adipose	blood	cross	cross	-0.008050229216242679
adi-endur	bld-exer	adipose	blood	cross	cross	-0.03139879800268995
adi-endur	bld-diet	adipose	blood	cross	cross	0.008355667430463676
mus-mtfRT	mus-exer	muscle	muscle	within	muscle	0.2968139798632681
mus-mtfRT	mus-bari	muscle	muscle	within	muscle	-0.08747797957108813
mus-mtfRT	bld-bari	muscle	blood	cross	cross	-0.09663329499351084
mus-mtfRT	bld-glp1	muscle	blood	cross	cross	0.021815748774266074
mus-mtfRT	bld-exer	muscle	blood	cross	cross	0.018205574048086846
mus-mtfRT	bld-diet	muscle	blood	cross	cross	-0.021820571004182335
mus-exer	mus-bari	muscle	muscle	within	muscle	-0.0425738383361666
mus-exer	bld-bari	muscle	blood	cross	cross	-0.16871840720665313
mus-exer	bld-glp1	muscle	blood	cross	cross	-0.06553691951325262
mus-exer	bld-exer	muscle	blood	cross	cross	0.00855800118954951
mus-exer	bld-diet	muscle	blood	cross	cross	-0.022279953118548346
mus-bari	bld-bari	muscle	blood	cross	cross	0.21152603406648482
mus-bari	bld-glp1	muscle	blood	cross	cross	-0.012164083935823682
mus-bari	bld-exer	muscle	blood	cross	cross	-0.004429673477574572
mus-bari	bld-diet	muscle	blood	cross	cross	0.1176817979194764
bld-bari	bld-glp1	blood	blood	within	blood	-0.12935461911412027
bld-bari	bld-exer	blood	blood	within	blood	-0.04653753502081903
bld-bari	bld-diet	blood	blood	within	blood	-0.06483052187963195
bld-glp1	bld-exer	blood	blood	within	blood	0.003093923606738871
bld-glp1	bld-diet	blood	blood	within	blood	0.09074185046009085
bld-exer	bld-diet	blood	blood	within	blood	-0.06503271664497817
