gene,z2,z12
IL23R,1.6243282191338184,2.014230600011402
ALB,10.127086411337949,9.245748745808688
ADSL,3.270190539680745,-1.968358009932043
FCN2,-1.5761867280085824,-0.9882289807538619
SNX4,-1.450683065094832,-0.4942598592135369
COTL1,1.1765284051720888,0.16275146061189125
PCNA,-0.12081141871431117,-0.1049766516665873
LYPD3,0.800083113689386,0.21359740932921142
DSCAM,-0.21070132773847827,-0.42833741771414524
AKT1 AKT2 AKT3,-1.076894862735645,0.44240388781947887
CYP3A4,-2.977107769600649,-4.246328382820804
KIR3DS1,-0.11898065510942728,-0.04450402970401636
IFNA2,0.009022715495138257,0.037151506538628316
CTSH,-0.137621157268245,-0.3023096140809838
PRDX1,-0.8690871342514568,-3.4223312989108274
KLK14,-5.345150854589272,-6.042866242638133
KRAS,-0.2171819973095146,-0.2605311919157935
NTRK1,0.16860982415601636,-0.7603487924904473
MAP2K1,-0.017884107722063062,-0.0013953431297988917
KPNB1,1.940499925746002,-3.808733296116248
DHH,-0.12345171853842002,-0.34827872906784907
TEC,-0.6385488842790392,-0.37008579898477395
KLK13,0.41620965217347017,0.5864004426078229
PLK1,-0.022635041472472257,-0.02238307939509206
KLK12,3.9231190939169642,7.278733943926884
DKK1,2.549995292386292,-13.24536876864888
BIRC3,-0.049408134270050474,-0.08165541994757539
MYBPC1,-3.153972089308511,1.4967408007082417
BMP1,-8.160694466028458,-4.429202379271031
CCL21,-7.2719127536032495,-11.21788053073902
ESM1,3.1816598339389914,2.157977120400784
LYVE1,-0.09620998529652942,-0.02132078208471076
IFNA10,0.02635482025148633,0.11853258641776103
PSME3,-0.06896263128918523,0.005693166969298971
RPS3,-0.1939412271132255,-0.09883336463162182
PAFAH1B2,3.394621147371537,-0.35916801788032415
IGHA1 IGHA2,2.1067796871321662,3.212220997234119
UCHL1,2.1015896037068376,-1.4387270053955574
F10,-6.723041357212405,-3.657322930661003
CCL19,-0.5411322593338364,-0.2819748397412036
IL24,-0.10265634629921266,-0.020932879881111564
AHSG,-0.04876014030990079,0.19952686889645277
HSD17B10,-0.23733499635402586,0.051493828548305344
BCL2,-0.1638204940078333,-0.4796049360576225
APOA1,-5.6364451992977695,-11.637822025926155
ULBP1,0.10946039237621533,-0.11522050284453214
TSLP,-0.09573842497405932,-0.12105095614312172
CDC37,-0.1117123484053488,-0.13234611474740043
FGF10,-0.09977077670985621,-0.022175027516141692
RSPO2,-0.06755889986486636,-0.02811398411437392
SPARCL1,-1.819091391948439,-0.6196840914371106
IL13RA1,-1.4084470275435634,0.07792932592769286
FCAR,-0.07058352865148373,-0.05336274845924549
ANXA2,-0.779665865671602,2.314091621408596
ANGPT1,-0.32339986499159346,-0.5092968116720515
"YWHAB,YWHAE,YWHAG,YWHAH,YWHAQ,YWHAZ,SFN",-1.0590106090196738,-8.044362532562857
KLK3,1.3574951536915318,1.6095760916817443
CD209,-0.8669483235009345,0.20915958948530639
CPB2,10.511634364708295,-3.2550059532239684
IL27RA,-0.3784198590868538,0.1897545942244575
HSPA1A,0.9389963170424174,6.8230317149346975
CDH12,-0.25376077093022087,-0.143410427639149
SLAMF6,0.13201426123590326,0.20809025632323336
LIN7B,-0.002600669777813341,0.005602387038215316
TP53,-0.4247473759066128,-0.6319474064931847
GZMA,2.0729455989797065,2.2139731962613776
IFNG,0.4856297553730145,-0.44149039005024737
CAMK1,-2.9253237304736706,1.9441395617534993
ADM,1.4589682193673328,0.6339825702056673
IFNAR1,1.5579885873906576,0.45818222134468367
PRSS2,2.8426546801335193,6.5356665987321465
IGF1,0.7554162775718243,0.6962120617799226
RAC1,-13.575462515592918,-16.18513367756275
HPGD,-0.30047882145357363,-0.7753857449489621
MMP17,0.3253145750935115,1.156461427981142
SEMA3A,-0.7243078956795869,-1.122136938281756
CD70,-0.0537732791188723,-0.07960164902400718
ADIPOQ,16.821710054380446,12.89665800339864
WFIKKN1,-0.7395175410030959,-0.5413047035912859
NID1,2.0315052282264143,0.10735372288276704
CTSA,-2.9477483947248797,0.8237063462367643
HIBADH,0.22165379070804678,-0.09056478520547802
ICOSLG,-0.4655388037393546,-0.7024512922470479
EPHA10,0.08048279156956639,0.053319254103333005
MST1R,-0.08297344763809264,-0.10572210306070239
S100A7,0.10624925637227427,-0.31767742601161353
SERPINA3,3.820521875150445,3.8896688495849516
FAP,-0.5361925554605312,-0.44924610822084554
RAD51,2.309236738892351,1.3693104785395065
CKB,0.38425085576779977,0.3962178825283976
PF4,-19.963498952075913,-61.705582287127584
CMPK1,-2.7884179433540646,-6.35796773286509
BMP6,49.73435765722058,-8.771090420523091
RSPO4,0.1632365183762914,0.24526164931870936
DIABLO,2.044695777803867,2.7035289199223476
S100A12,-0.9077609204503196,-0.6677895468467362
C1QA C1QB  C1QC,-3.7556275830953503,-14.280220442678988
FGF4,-0.047503132763006835,-0.0279980960778317
CCL28,10.37418110043412,2.7081516489264152
CD97,1.0263298727395098,1.7301275605022879
FLRT3,3.627196742328496,3.3570839502886343
CDH1,82.7245280251479,74.88297658777955
EIF5A,1.1037869405681497,-41.268875319119296
CALR,0.5899321829836359,0.777182503769411
NOTCH1,13.995851973349149,13.527733196872187
EFNA3,1.5915160883365576,1.0877019682665496
ICAM1,-2.6958651054500664,-1.5733385480926243
TBP,-0.03495335044726333,-0.08727944949818459
GAPDH,-32.34677521587602,-31.138935161538853
COL23A1,-0.11636444428011954,-0.06578172446555713
SERPINA10,-7.912504822623147,-17.489033994383064
PDK1,0.4176761609781798,0.21443240792667573
MIA,3.8787734443967503,3.230368842796
P4HB,0.00859845719882306,0.09105206154578101
CLIC1,-2.6333578137888995,-0.8247239280930057
PA2G4,-0.586121741987825,-2.1648966770232247
SPINT2,1.025877291625065,0.7481494397224797
CCL14,0.5861326915309164,9.64173345672317
ADAMTS15,-0.697429687268331,-1.0621228677773749
LDHB,-0.04046571542424923,0.042321054958472826
NACA,-1.3748100311667495,-4.541101494936791
ELANE,-0.11822805651427766,0.012386645977050486
BCAN,3.1296276051686074,2.1722755991693403
FASLG,0.19577637053534597,-0.25134562586833964
STX1A,-0.27546714515463366,-0.43771138177384034
HMGN1,-0.5245721703623867,-0.1748571958490845
JAM3,1.1636298434104067,-0.24030050166302308
HIST3H2A,-3.185353479808494,-2.6341356520801535
PIGR,-7.3944454404915305,-6.729414184160495
PLXNC1,0.20744347368401386,-0.16686888753991688
MUC1,0.5719158047810287,0.39113811390204084
CTF1,0.03527402606593378,0.08790686139697568
SERPING1,12.582119966340132,8.888257702827449
SELP,-14.21338289609851,-1.6695494589118758
CTSB,0.2792593369119589,2.120262629431748
MFRP,-1.158541955720598,-1.0334793922125478
JAM2,8.560790770588607,6.677604730794151
CD200R1,-0.3999649100430531,-0.26694951678961737
ECE1,-12.0119407590934,2.8469730731315894
RAN,-2.627342864784018,-0.9649350783761319
MATN2,9.377699682161795,10.523947852317077
CHST15,6.515255527814399,4.835816459518136
DCN,2.294031473386079,1.0078421441887304
PRKCB,-1.0755006209153386,-0.4950024032309198
TIMP1,0.0504700209590555,0.008696487133576942
PTGS2,-0.3036052809909411,-0.12362689192777833
FTH1 FTL,-19.669832206364276,-28.97945201999083
CCL8,-0.0015133290509684902,0.044654631818740076
CEBPB,-0.17619858748790346,-0.4473190989227977
CLC,-0.031545122667676874,-0.022232244690229774
PRLR,0.5369057357005518,0.23807461403691346
TGFBR2,0.2215983130230503,0.7358570508990846
FLRT2,24.909480563420107,27.95826501660168
PKM2,-7.765269966520642,-1.2615630968472107
IL5,-0.012524598366633255,-0.04097185771216611
IFNA7,0.4474640279735931,0.0010472370989089304
CD200,3.051199677852529,2.6418750889410516
IL11,-0.054895826276603735,-0.043573320264530715
AMH,0.969370349577991,1.6647697315642735
SGTA,-1.3868910270442727,-1.3916914646233514
NBL1,1.9720711083262366,2.252036572438268
NRXN1,0.3449215569225311,0.39756690533210043
MAPT,0.06913505009439798,0.003277357865540492
IL12A IL12B,0.00777746045782908,-0.016322594449457294
DCTN2,0.7057790788603014,1.974422797795241
PLA2G5,-0.12881042492735648,-0.07644947117104477
MSLN,-0.17820381381271053,-0.18870270532277716
IL37,-0.2818981767969889,-0.9296046363274332
AURKA,0.026221892798356603,-0.20410424282349948
CTGF,-0.11623523967164089,-0.6049902094329859
KIR2DL4,-0.019419525651294626,0.006679756189575919
PLA2G1B,1.4352077108589714,1.0425620371236846
FUT3,0.1488823973529913,0.2555787663903036
FGF19,28.443117109880195,28.210567169414887
APOD,-0.09116224593138905,2.866068723508141
CDON,0.8135802504733983,-1.0123369486165852
CXCL6,-0.03747327829432061,0.4462747692006209
IL36B,0.14481719698792017,-0.018402357321010636
MASP1,-0.6110618812719011,-2.1973895193813764
CFL1,0.880343264549427,-0.37217969170724535
SORCS2,-5.800593449628805,-7.625118807791431
TNFAIP6,2.095961538557852,1.2057065750697582
NRCAM,14.618442993526767,21.502609425537425
PDE3A,-0.34130966764144444,-0.3529613500325985
TNFRSF21,3.0703248797855265,7.47585408636449
RASA1,-1.350940027227474,-2.2437796225190523
SEMA6B,-0.31258098644774024,0.6456411509014608
CDC42BPB,-0.5126152693065661,-0.427075616212406
HSP90AB1,-23.22025805223119,-24.258104797169647
IL2,0.02911490807701522,-10.281995960670212
CD163,-6.094632479805551,-2.215990915713468
PIK3CG,0.12513137844864244,0.6963399863561358
NPPB,15.80471649205021,31.01868605989845
CAMK2A,-0.16951060656766975,-0.00020828970236705667
GDF2,6.223391806865147,5.681014134558717
TF,168.2718482592615,89.4588190965803
C1QBP,0.3196580411324887,0.352062970622374
ERBB2,0.13741749576674475,-0.13659437362837137
EFNB3,0.10238625756962452,0.595413310477389
FSTL1,7.010050780724463,17.988695759564877
HIF1A,-0.018844236657271904,0.03395990465717838
BAD,-0.6167790027046963,-3.762523450335964
PRSS3,-0.08562323706621404,-0.011956412368231655
BTK,-2.338055936308945,-2.3192434929779093
PLAUR,7.040658403512654,11.551414789447605
PLAT,-1.3919570156478989,-0.12069102290368551
PSMA6,-0.18313329811246365,-0.4303266448742604
B2M,1.8097404821483742,3.067980222800277
ARTN,-0.11592281270876596,-0.0782944924452469
FGF20,0.010652664479725666,0.023328442013307575
CRK,-1.8767370864770199,-2.780876770503617
POSTN,0.3963128724372979,1.8176337853855775
LYZ,49.12213220450283,58.73249884086365
IL18RAP,-0.12038438653374617,-0.08331669501230765
FLRT1,0.07271423674011834,-0.17733835115227406
LGALS2,0.3076142737014763,0.7708269782330007
CFH,-55.15693638085691,-37.985865513211564
GP1BA,0.8515240671328338,0.9934448146112818
MATN3,-0.04104669818067949,0.16108204489230907
NAPA,-2.2994624467594185,-6.923045474519558
CPE,0.9351566772650295,0.8243168953505092
CXCL13,1.1924198420454228,0.22841398263143153
IL22,3.0569518378232168,7.0360842818643095
CRLF2,-0.11486873669383282,-0.09926714524005384
CNTN1,0.3886277531262064,0.22367205118134695
BMX,-0.13690359721098788,-0.0883237792203614
TPM4,-19.170825029211713,-28.710345229665986
CCL26,-0.16510889024492265,-0.16578618044487609
TNFRSF9,0.1974458108720164,0.1936254756055995
LTBP4,1.6034218915246181,1.4561538215278733
NRXN3,0.8359830156384248,1.1895124866718605
UBE2I,-1.0278409096861247,-1.7377448875404373
FLT3LG,-0.016023926344740255,-0.19613047139799245
USP25,-0.635328988640625,-0.2872778949005869
DYRK3,-0.28217410528289244,-0.678494507974395
HNRNPK,0.13021488632121475,0.08335797976190373
FGF23,0.07593508133893379,2.566062333274341
LTA,-0.11081521584139255,0.7124817419728553
SHBG,15.95319229636974,13.362187165745386
EIF4G2,-0.4791074775382308,-0.4574135109367117
ADGRG5,0.09820937186502103,0.07770080611654838
PDGFRB,4.977611191487583,4.004707932121399
LMAN2,-32.246331407250814,-39.28052037202374
CDK5 CDK5R1,0.3111334568510557,0.6855419891730492
STK16,0.798163293800692,1.0273215682939216
FCN3,-13.515751007267758,-12.170976771061968
C6,16.458185223745605,13.150239401973979
SCARF2,-0.05960938558659425,0.04767324478462898
YWHAZ,-36.548844869589765,-61.57416885883585
ASGR1,-0.9339011296572143,0.08988678495154807
IL17RC,1.4698958633725607,-1.4030127896182192
PIAS4,-0.14216448768164106,-0.2177857762495007
THBS2,-14.907437934186069,-13.865802963282878
RNASEH1,0.007787534037473177,-0.07599185007340938
WNT7A,-0.06431725113417723,-0.06346512668540545
HS6ST1,1.2993165813991694,1.123608070908208
ISG15,0.5808075637407937,-1.2997485828468494
RAC3,-1.352670055035917,-1.5371940405589324
AIMP1,-1.3859858648153827,-0.3063683119990206
CFC1,1.284140514674474,0.4080997497572177
CST1,1.1434461856452396,2.0268428002753303
PCSK7,-2.6675860854926494,0.4288805156877049
CDH3,-1.362298353260964,-3.582132353614966
CST5,8.59926016531643,13.630305447981314
IL17A,-0.12218084157027695,-0.06640332161088397
KLK7,2.2137567231352495,-0.4042294498514222
KIF23,-0.1585931821359938,-0.49875640806743066
NEGR1,4.410986935897863,5.746965068350083
TFF3,-0.09568805707583884,9.688193336902417
IFNL1,-0.024417846078615763,-0.1107629128388487
PRSS27,-4.853662363692813,-14.37726867799709
FAM107A,-0.07154592049226481,0.007235704768291536
CRP,-365.01542843434873,-217.47119808708555
JAK2,0.871598229467087,83.10213060947734
GPC5,-0.1063835707675289,-0.18106618959819584
ARSB,0.9908606528187333,0.6486124899216855
SEMA5A,0.7323054419535532,1.061407653101274
TPM2,1.0549373789896692,2.1717057533298454
CD93,1.2583360914557158,10.006376646465418
CFI,-56.083997695929696,-28.683771806334427
CD33,0.08366399882239094,1.6334340251455048
FGFR4,-0.9817360335758909,-0.7130515878123505
TNFRSF11A,0.16299489845874093,0.28461531928931316
BCAM,0.05454799579106659,0.42330125973877025
CAMK2B,-0.34624499169751294,0.25875943653524075
SLC25A18,-0.1480568018038989,-0.0911136979325019
SPOCK2,0.23469980631669302,-0.329252274257522
CD86,0.19702607838684563,0.0980693060264212
PSME1,-0.42446998748163045,-0.9356636094371672
PTEN,0.34920793805804873,-0.09351053931046006
SERPINA6,-0.15030218810717755,-0.3849454014626294
TNFRSF13B,0.4150344012149921,0.02890990756855857
ECM1,7.327288242864211,-4.296719036341874
SPARC,-13.716857615380002,-32.70996525250618
PTPN11,2.6575344049347343,-3.3067398147952773
VTA1,-7.727238553516475,-18.368108423106285
MDM2,-0.032358819713276574,-0.011135020293873655
APP,-12.752494856842484,-26.669076026045882
LCMT1,0.7307068086622073,1.0421724486415809
CGA FSHB,7.5270079088515445,13.118723438197819
CASP10,-1.5206068472765812,-0.3877655568927839
PARK7,-0.13768685452679347,-0.61238076108603
TGFB3,-0.2072872602025764,0.0571394889818015
SNCA,2.1343068384639725,-11.985253545414263
FCGR2A,-2.530994185274997,0.03184298551098857
FIGF,1.9413977882794977,0.9836120665032584
GCG,2.110852917162171,2.9296646821464916
BID,0.338277374174663,0.3934029603763609
CA3,0.5363553386678236,0.5165960716957072
F7,-0.2075887376223599,0.3124133297004405
EPHA5,0.9068995563937953,0.8553676788495302
ATP5O,-2.8506332471994607,-2.644701059124671
FGG,31.885361470003975,-10.569302929338122
CFB,-30.722155008926432,-12.482880146883597
ACP5,-0.7575915867993179,2.2287542995674663
DLL4,0.2937375527569617,0.3703736292812536
CD59,0.700782437362921,1.4360696630624017
FABP1,7.839872853450121,7.345080280953819
ADRBK1,-2.378948829907667,-1.0497781461728015
CKB CKM,-0.3011584230947805,0.203590218617261
EPHB2,9.620414554021401,13.52215103354652
CST6,2.628788204472084,3.962248602325547
CNTF,-0.03311098032670255,0.007921496791863547
HAT1,-0.10475135887736925,-0.11959784925240911
KIT,22.143479984621855,16.25682958777678
FYN,-1.6805431733651215,-0.2258618873359783
MAPK12,-0.05047374380370658,-0.10018820218878885
ALDOA,-4.946018109821166,-15.704369861139707
UBB,-1.066719087356027,-1.8967376915130465
TNF,0.044798960604198086,0.07456258367190013
PDE4D,-0.05510853940039288,-1.0524878212871356
FGF9,-0.1079084771353927,-0.03465273253244212
AIF1,-1.6061811763836535,-1.0651581690857062
MEPE,-0.01534432470353336,0.045315827435158364
CAMKK1,-0.23163539419017684,-0.3239689892599171
LAMA1 LAMB1  LAMC1,-2.8002580492835767,-1.0683388392306434
PRDX6,0.0003267394756344738,-0.4939824954732928
TIE1,-4.8648965949046,-1.8895971742589643
SELE,-89.80085274035697,-54.13861101397851
MMP7,0.4112524290312188,1.9518034068193626
NCR1,2.618181747064204,2.348718478288122
LRRTM3,-0.07500874999340044,-0.0007334846314856763
GPC6,0.6703770161371521,-1.7307497391229614
PLA2G2A,-1.4795971585515508,-2.6689602105774637
INHBA,-3.890263164947337,-2.088595482065518
NGF,0.14533912520861075,0.3395804393606982
CTSG,-0.3034658568089105,0.10409048323863772
LCORL,-0.06816316864960435,-0.020843448972831614
CSF3,-0.593375449301115,-0.9504621570036481
REG1A,2.51156239613544,2.734829737820331
HIST1H3A,-11.569798209062233,-16.312941958706663
EPHA2,5.1230576222184885,5.0710988289415235
HCK,0.06271825285806155,0.07611861169892974
PIK3CA PIK3R1,-0.21146633581579818,-0.03182414570976444
SERPINA5,2.1722214563418314,55.76796308219213
PROK1,-0.04469815181080316,-0.016462206680133602
CLEC4M,-4.898672285493904,-2.8460194535634544
ERBB3,-0.16544832608075635,-0.10707752209321583
STAT1,-1.9941234881123375,-0.7084463030686754
PPP3R1,-9.196229254660146,-16.09581906435208
SIGLEC9,-9.245867183341208,-3.1361000596338036
S100A4,2.1870763364691785,-0.9342622538522862
LRIG3,1.7010699168138195,1.5774379492849109
LMNB1,-0.19443030670464187,-0.20671855598102004
SPINT1,4.758299143062019,3.419586735275708
ABL2,-0.29878310221348375,-1.7135729573896077
HNRNPA2B1,-3.6645784824425722,-3.7386364431048813
CBX5,-0.01604305154667325,-0.05261630855704149
TYRO3,0.1469669572815338,0.18130343153953668
PGLYRP1,-0.4974333628255554,-0.048864978507124186
TNNT2,-1.180141754392254,2.486580468171697
ADGRE2,-0.08164855292403193,0.6616142786677175
SAA1,-5.786877321982964,-0.9610275640481653
MMP12,3.325967512188391,4.387243118273102
MAPK9,0.6708149978608086,0.8450174176831898
PRSS22,1.145161614062894,2.0793151355365973
SERPINA7,-12.604384037292668,-14.964965810627437
PROS1,-5.431973431608764,0.27238107800056033
OCIAD1,-0.12385904154142051,-0.4483378437297319
TNFSF4,0.009944959011250816,0.040770725389838176
AREG,-0.6662986763203713,-2.82245807252637
VEGFA,2.8086235002054147,7.344498805607394
TFF1,9.060600914234538,16.704914489730818
HRG,3.3521807183492287,3.3653292707009204
TGM3,0.8602618025197797,0.45889569159474547
SUMO3,-1.119787872872398,-1.3405216341380732
TNFRSF6B,-0.1995225742116873,-0.17472810832217844
IFNB1,0.17364661397806533,0.1785013018451213
ITGA2B ITGB3,0.19322293708642896,-0.1268075620727155
C4A C4B,-124.09190182449782,0.06481705686584036
VCAM1,7.59971287497851,5.981578741125084
ADCYAP1,0.23147918070873938,0.03727576782015904
CCL27,-0.21060716166789217,-0.1004213738027047
EIF4H,-0.7854107259468955,-2.2331269941725718
CD83,-0.13140619660956024,-0.11113098673313485
MIF,-0.5929206782780516,-1.0846259636839688
SMAD2,-1.6204958790518247,-0.9355473143678824
TNFSF8,-0.08248071819897916,0.14998865823323934
JAG1,0.17531897419289347,0.22764876107553805
SIGLEC14,-8.374502544126738,4.462369733031034
HSD17B1,-0.39474124801891075,-0.5028505759815993
TACSTD2,0.11254159380213831,0.2446144672581399
COL8A1,1.4376750079022358,0.3041633574853823
TG,-0.062266255719248105,-0.022139906405217704
SCARF1,1.5268772856202624,3.495696043369095
C3,-365.64977196411115,-37.29059544149285
CCL5,-42.99600883876638,-68.08669273878033
IL1RL1,3.665301152286606,3.7037711813333214
CD226,0.018515020394990152,0.08075297020992594
COLEC12,3.867123130547489,2.74834903962468
C10orf54,-0.13786058727717718,-0.03527903962807499
BMP7,1.2717237328088142,0.056636280217006514
TNFRSF1A,-0.8173176945152665,0.6803784880968076
CST2,21.0869950702086,20.943462732416478
NRP1,2.952704887897592,1.2063229389369672
PPIA,-40.61638113718705,-60.20072409058327
PROC,-0.22536641578557445,-0.44486934328831507
PTPN2,-0.0955347634725591,0.06397682499025822
PLAU,0.46937260376042717,2.4631702707246825
MAPK8,-0.08940812912814505,0.023043286503421433
NR1D1,-0.02715450188192903,-0.047780875871252
IL18R1,-14.044467944675013,-6.026817523076841
ARG1,0.5125714711342004,0.3686495548791076
ESR1,-0.3863181295034581,-0.28235861346984314
HTRA2,2.6146705935795582,2.3485265914238025
EFNA2,0.3230348802218798,0.5675757597427048
CGA TSHB,-0.5287840946048827,-0.9763436246729632
MMP13,0.927338703497762,0.8701197083882972
CLEC1B,-2.0771429238314143,-3.6489613151794313
DAPK2,-0.9680491047116274,-0.8706895542277925
CTSV,2.645774595654559,-0.3340558420943275
IGFBP7,4.147672323635616,5.3704074487596145
IL19,5.356698972703013,1.3629142497288467
SERPINA1,0.3823887034727205,0.35769397787714025
IL6ST,2.277694755093694,4.639347569468525
PLA2G2E,-0.06534293133402666,-0.018491671934221306
DKKL1,-8.144343148345284,-15.028055885714398
MSTN,0.4803126572478255,3.1883746932772867
IL17RD,0.1625145785017977,0.09333435228049371
SERPIND1,-6.22361809742237,-3.6784363004896448
SCT,-0.003768110062219559,0.01466707599065462
PDGFRA,3.0782669483744964,2.432061339691019
IL20,-0.02513650109018202,0.008705907034189005
CST7,-0.948099037199077,-0.8918610715910762
GHR,-6.915417529633097,-4.704106478799723
S100A9,-34.002054143481566,-59.96406362458886
CCL18,-13.817155430097324,-5.307154560575654
LRP1B,-25.31797151768367,-26.780428554886008
WFIKKN2,13.63356809093134,13.171695842257007
LTBR,2.9755529344816694,4.203136394088458
ROBO3,-0.2000948703305984,-0.17362097926258788
FCN1,2.3398443616805418,0.639122812268052
CTSC,0.14462959481628732,0.2005136325593337
CD84,6.1044870685878205,5.343932876236948
SNAP25,9.572090570511307,-12.436420266704348
NSFL1C,0.1656249787092978,-0.5429334160366184
IBSP,9.980727518682757,13.111222406228954
THPO,-0.1370371816367031,-0.011129845163290485
NR3C1,-0.29754288396599665,-0.6503918044817417
IL3RA,-0.4873429938820506,-0.7876374304981076
BTC,-0.09889335332346448,-0.058438853790919724
IL25,-0.12111435607317353,-0.1610727412867663
CAPN1 CAPNS1,-9.525518513895841,-11.956354220697012
GHRL,0.8637729560044254,0.9355240553540255
ICAM3,-0.2088472051083327,-0.07599185007340938
IL17B,0.005981406904544969,0.022301498403988828
CD48,0.5724946706257945,0.5450895266211572
APCS,-100.68323863414044,-60.17862802741917
LGALS4,-0.2956150344123689,-0.1200258151073769
TGFBI,-21.09925855847098,14.621372028425725
IGFBP5,1.7876954020576674,1.16797463984033
LRPAP1,-0.5885576503408942,-0.5061033490694931
CDC2 CCNB1,-0.0808214974358607,-0.061630571967438944
CD22,-0.16377961571362537,-0.15894686742024156
PRDX5,-0.07677965609605128,-0.07338044429262093
AIP,-2.4142282577481926,-4.05524976923254
CA6,4.61769971007291,4.123852230603598
DNAJC19,-0.08515605656098052,-0.0025458793239999775
SST,-0.6093544825191803,-0.4418346234553302
SECTM1,1.7811475752890036,1.6977103099391715
SEMA3E,1.4663920095833092,4.0452193195067325
KLKB1,-14.432154767064898,-13.083253442065978
IL1RAPL2,0.4216982931404247,-0.07518185491584128
TGFB2,-0.1600910796308988,-0.08599380750724198
KDR,-3.9917362306231383,-4.861424633774632
IL1B,0.29096731835483475,0.031847811756363885
IFNGR1,0.19553329067871664,0.3717325371658456
ANK2,0.2060879202492972,0.12502010685780932
PDE9A,0.0742612611850268,0.22753014010486766
MAP3K7 TAB1,-0.15101828822535582,-0.04111984318783092
DSC3,-0.056391022884212855,-0.024815914096993828
NTF4,-0.07764539996981215,-0.05118151813974122
CCL15,9.707645913982972,5.631513138317675
LILRB1,-2.4330322730838416,-0.49494483717162385
BSG,-0.22465688539325104,-0.26008694475112587
RPS7,-1.1740903069104014,-1.3978551032954416
GNLY,1.3969646066883705,1.4556421232230206
MMP1,0.05331529622983556,1.0278623403660956
UFM1,0.2680046665530675,-1.7783551257346624
CLEC7A,-0.23115653417231247,-0.2504734128487042
UBE2N,-1.485553709993278,-6.769535983063725
HK1,-0.4062952058889674,-0.5203477506308324
CHKB,-23.049080195235472,-42.56899604618785
EFNB1,1.244933850711829,1.1106004674087118
MST1,-0.3755058206854597,2.133409787014386
PAK6,-1.3204127010886206,-1.0450042335786638
RNF43,0.7348238368645778,0.07638434593224533
MMP10,0.7577375807072033,1.4644282157074815
KLRF1,-0.18745617772495263,-0.18140577120050727
BCAR3,-0.0657450715532972,-1.4724060574604134
TNFSF15,0.6246736232736035,0.578938950962515
HIPK3,0.0884153705545238,-0.008600601848951688
EIF4A3,-0.2551301937861867,-0.058697028844731804
IL9,0.01859174019358397,0.03920382377383047
CA13,-0.07026891177999053,-0.4004771894409506
HMGCR,-0.09452229572137331,-0.026084751450424794
PYY,2.3800948820845678,2.735998503266642
HAMP,-13.25617383904738,-19.32021615534031
PPIE,0.07172432504770085,-0.6134681199838421
N6AMT1,-0.4006467015928783,0.24426965237771067
GH1,-0.021699439513788176,-0.11824126726920282
ENTPD1,0.11042395216825948,0.3257390002144305
IL10RB,-0.04956843558090873,0.234172914462411
NMT1,-0.743174688395627,-0.941344623571726
CA7,0.011278905347600421,-0.02049497079771994
TLR4,0.2820959985421737,0.06358316618072943
BPI,-2.309236738892351,-1.8501266277437294
AKR7A2,-1.2227573761040251,-0.9777507950113085
KIR3DL2,-0.1839610835701743,-0.5832372167232784
NUDCD3,-0.001994984852168862,0.0687455043062783
FGFR3,-0.1320390802002438,-0.04976521863845722
CCL11,29.94634338242301,29.532783959647542
PRL,1.9288715109829238,-2.0799605731711273
ICAM2,-0.021982886685947833,-0.1720725104150618
ABL1,-0.09493618845022864,-0.022039776350563558
LRRK2,-1.7890312463148195,-1.6057034658745626
CCL3L1,-1.2013327701218313,-0.2001827730872186
GSN,0.37456124010144065,0.7089754456339209
CA10,0.053651155214926104,0.14432741426045903
CNTFR,12.197353022107958,13.022024088087571
CCL2,-0.089162129393358,-0.03679180588933067
TNFSF9,-0.006470347801748826,-0.021261646041979478
PGK1,2.1492128164590802,-0.6441467592611522
CNTN4,4.5148178031860144,3.397734891757109
KRT18,-0.4973735053233223,-0.933616816217756
IL4R,-0.0037100117865765327,-0.020921541111856304
CMA1,-0.16095974338281738,-0.020524335302714334
IL1RAP,52.488970711203756,46.82027859896018
OMD,33.95723401376072,20.127885411522712
NANOG,-0.04010846833165347,0.015241341042782582
APOL1,-49.23608044960744,-45.304256075764535
ULBP3,-0.1448653749775224,-0.2369517851429695
ADAMTS1,-0.10718434735228075,-0.012924336229888403
HDAC8,-0.21015166067528948,0.2975473309937744
IGF1R,6.791950481734349,6.920254392856725
EPHB4,-3.6009981355584473,-5.968902578573049
RBM39,-0.054882029852308556,0.10151687335536681
CCL13,-0.17181293049502375,-0.05379164467476755
METAP2,-10.287971697827743,-1.707845425227335
EGFR,-0.2256021959468095,-1.9590195158684796
MB,0.722477132074703,0.09655572569968052
DKK3,10.14526265286969,6.724471643715894
MMP8,-0.3367130494516702,0.1294125716246933
METAP1,-0.32836730770739686,-0.12433454742437587
TNFSF13B,-1.2845857960935247,0.9772681704737769
PDE11A,-1.730757777982331,-0.7290189008251429
CCL1,0.2414242857138981,2.1630941034493114
GCKR,-0.3900906120832189,0.014201314238169303
TPSB2,2.364553830590159,2.9451958886494665
NTF3,0.45458342089162834,0.40704146462672675
KYNU,-1.3967456158265423,-0.6091477581599147
CD55,4.654599670290964,18.030038656695595
TDGF1,1.4007750476841816,1.137720477565909
WIF1,6.491889202857328,3.821549012751425
AGER,0.5370721687555413,0.10159420957644115
ZNRF3,0.023104995861955607,0.6445130887293989
TNFRSF10A,-0.11092690118092494,-0.150630607015691
MPL,-0.027116835453694577,-0.0022668060462374276
GRN,20.561125014005114,21.107148042434723
HIST1H1C,-1.5644196190330129,-0.6993869171713956
HGFAC,-0.6756269570647139,0.1226709464582579
KLK8,5.51786164761779,1.3079066819571727
BMP10,1.8743208873015151,1.5500388309614301
CAMK2D,-1.3913292418439913,0.35976984486387253
SPHK2,-0.07265204333535911,-0.01484954295436235
IL2RA,0.5074441650892625,-0.052056812978712695
PRKAA2 PRKAB2 PRKAG1,-1.0896693296756241,-0.452158136755735
CCL16,3.289907016940678,9.477117786150645
AGT,-4.0765002935414465,-4.777011857734316
FGF7,1.2457514165959875,0.5501716211488996
CD38,-0.0073142217881084605,0.012135448627395483
IL1A,-0.04684214534505533,-0.1806510162008494
SOD3,0.901986861393449,0.8492272991912968
AGR2,-0.1097290211667246,-0.1716683850492974
CRYZL1,-6.097581556744838,-3.375813271196938
SERPINF2,-0.10818951540807224,0.23476950816784167
EEF1B2,-0.11689148228758611,-0.3290156137915276
GZMB,-0.0893855000724228,0.024404578436933756
TK1,-0.10162489934000177,0.09725872939350666
IGHM IGJ IGK@ IGL@,1.4450112017734813,-0.5575127473974978
DSC2,6.714581010250441,6.99793949913892
CFHR5,-0.7106552753836765,-0.45114113637484016
PGM1,-0.38141565407666383,-0.4920886302699911
MSR1,-0.6515722708319632,-0.9095786253966037
CADM1,2.2751763601826696,3.3976360409482167
THBS4,-0.2929732746491812,0.08882791834571069
POMC,0.41327079480773554,-0.16221127001506372
FAS,0.06781409721585017,0.6783026211100752
CSF1,0.348405701534218,-0.9070317633792684
BCL2A1,0.4919359622241277,0.12377516814111636
RSPO3,0.9137612700644128,0.642396518468417
IL6R,0.8000466152124146,9.923109376857557
LY9,3.4107607738882764,1.517923947578454
SPON1,2.7978491498034663,3.8012031903800625
RGMB,2.54850615452586,2.7708928388055236
GPT,1.8379465051518484,-1.5878405432324296
CD27,1.968618352404745,1.3049469724438765
EPO,0.054809178892273706,2.2506352168533867
CTSZ,0.34226738767717313,3.4329315944761305
PRKAA1 PRKAB1  PRKAG1,-0.13757151933956394,-0.11686142627213958
MCL1,-0.42281295662713025,-0.02722124501500975
CXCL10,0.030153216749896728,-0.35733113726097193
CSF1R,-0.09587419930839283,-0.038132688038183524
GSK3A GSK3B,-3.5020799632706425,-1.5676284601907446
CFD,0.716685553748886,0.43065110811756485
APOM,29.174254600570663,26.948126044794574
FGR,-0.19017385432024078,-0.13106628750992205
ACVRL1,0.02144920595567247,0.18426779285560427
SIRT2,5.83392385879906,-13.934475201695507
PON1,-0.057837165538772446,-0.03712720086914781
CD244,-0.000690146781173464,-0.03475640958670945
MMP9,-28.38720144316006,-28.143581209506884
KLK5,-0.06696390169327911,-0.05441318367255975
LAYN,1.8145363820224123,2.3625924800537894
ERBB4,-0.045639739519710544,-0.037526848874744764
PDPK1,-0.381579897223035,-0.1195926159742913
CNTN5,-0.018325520302554802,0.043335962028120595
BMPR1A,0.9967442073065179,1.1570312738206374
MDK,46.99923478994011,-12.289074413920602
CD80,0.061185243828310094,0.07414275847178228
MAP2K2,-0.08845478890965287,0.48623201058081245
PGF,-0.04024409667207908,-0.003179309492626542
NCR3,0.02970275254711609,0.12815891077780397
TNFRSF4,0.04594924660442775,0.15716929728622456
OPCML,-5.2440427736831845,-8.54623390406108
TNFRSF11B,12.198301982509212,13.295026763233457
GPI,-6.655365881212091,-6.424081479753455
PI3,7.923892347438214,11.164849979145187
FGF5,0.10584996303420748,-0.0037664425941708584
CSH1 CSH2,1.1908577072310484,0.6936477555021944
CAT,2.3207191597475445,-24.329626264779755
JAG2,0.028113389868920844,0.09642663817277448
ANP32B,-0.06681454992551226,-0.010891789156464658
SNRPF,0.2993546683628554,0.5635973054224744
PDGFB,-12.677016006465692,-44.52240432496335
LBP,-14.992698376391187,-7.141040581893772
ACAN,0.1971158646401952,0.28331165156263144
PRKCI,-0.6516956356841265,-0.883656454453039
C8A C8B C8G,-0.763460541896314,-2.0258426626794814
GDF11 MSTN,-0.07320645520055423,0.15699892500972243
PEBP1,-1.034782920006079,-4.955821341513042
SPP1,34.41463292716592,19.627467728390553
SELL,1.4022714852400078,0.38379408027671064
FGF6,-0.11873246546602198,-0.15366997865144724
DYNLRB1,-0.3659016114552136,0.4469766099437542
SET,-0.08282088400435232,-0.5677315951355463
MYC,-0.09180826897378229,-0.1257335771078711
RBP4,0.019568293443429925,-0.010814394787855675
LRP8,1.6974273688120767,1.5842295813311387
PRKCZ,-0.3318105740248758,0.170860715793115
IGF2R,-14.63501330207177,1.8684721749233946
IL1R1,22.246551683589004,18.24314937115985
ANGPT2,-0.0013091638704860447,-0.008754867258357873
DNAJB1,-0.24613915896905955,-0.4426649702500231
TNFRSF10B,-0.06245714275380836,0.03060397784282913
BIRC5,-0.1776789657138622,-0.07450966941537558
LGALS3,11.053490753825244,19.092510409680823
IL36A,-0.5212982569780549,-10.417421568852271
CD4,-0.04779920840819858,0.08635548517271747
STAT6,-0.16046774391324334,-0.16495001889671895
TNFRSF12A,0.08405526249552403,-0.10612797285250607
PDE7A,-0.09471719758840041,-0.10963833951886544
CHL1,20.061387867313126,14.221782170363415
TNFSF18,0.1249758949367444,0.01809516389549504
EPS15L1,-0.12506714112917283,0.009892349331031747
F3,4.79246171750722,-3.9688250884935976
LAG3,2.3952855482000515,2.85925964720152
RELT,0.09823127095120385,1.7481591109948842
ESD,8.077696929395563,-3.4855783723413243
FAM3D,41.6854945246324,47.96392431030615
CD63,-0.47023542775603033,-0.6439490576433681
TYMS,-0.35909537546959264,-0.16922967744639675
IL22RA1,-0.20067811599260085,0.06720401316290929
CXCL3 CXCL2,-0.12850383772079696,-0.18597907480012899
MRC1,-11.226055552945878,-0.9121080431535464
PIANP,7.65219768486334,10.340434232985785
TOP1,-0.4861633631063359,-0.2250484033263317
NTRK3,7.8455666158576545,7.255067897327443
PSPN,-0.20628355208586374,-0.08235435331397657
VEGFC,0.23518596602995168,-0.22423840816876356
TNFRSF19,0.9704799032779207,1.0023239431511703
MMP14,0.07755196386876545,-0.2681194451866217
VTN,52.61240856032093,-16.590131256346798
STAT3,-0.367048393601654,-0.10335491692541185
MATK,-0.0992481185196262,-0.003466098948236133
FOLH1,-0.4574142427655278,-0.04031292984959887
EFEMP1,-0.3247597982435467,0.5510577895768491
ERP29,-7.451310067612924,4.276565100834832
SIGLEC1,-0.05566032337524604,-0.029967029748356702
ADAMTS5,0.004023409608938893,0.3251098438896002
NLGN4X,0.06750605007021182,0.7693558456065491
GDNF,-0.07413497645470586,0.025187825728566367
ADAM12,-0.15002114983449802,-0.1202403795102072
FLT3,-0.4530461050415943,-0.033551534521385075
PSMA2,0.2603757548965119,-0.30640029314307393
AKT2,-0.24866923339271488,2.610777787414317
IMPDH1,-1.7338455491341092,-0.7336067413084252
AMIGO2,0.8589843558257818,1.1303648144336502
MICA,-0.1562747988787724,-0.011250559445208029
COMMD7,0.6694762337254988,0.317841402059305
TIMP3,-1.9744508090247694,-1.6505875478650018
C9,18.044190042059487,23.650986387968754
IFNL2,-0.08114268403320875,0.0007679544900216682
DPP7,-0.1715238625574105,-0.9000424297152565
IL10,0.014370691331845112,0.0100084118101779
TNFRSF13C,0.7617451134786597,-1.1172234716044767
IL22RA2,0.706678401332876,-0.04536897428182148
NID2,0.8666052378174036,-0.23070615844703346
NOV,-0.12034715808723535,-0.0845116268492082
SMOC1,2.37856194605177,3.3932866053569684
CD47,0.09155934936083754,0.10176225595155756
KAT6A,0.23776348847366977,0.6759650902174523
SEMA6A,5.630291556080396,4.0856434855901025
MAPK3,-6.058221599178912,-0.4827262957172245
IL10RA,-0.04292198992746844,0.01583223628981826
IL17RB,2.0603025265568244,1.2789899129795264
PPID,-1.878802900273599,-1.0502375116964764
TPO,-0.33710577306388206,-0.31323611731562995
CD109,4.865130185157217,5.693905442988929
IL6,-0.19752172770411686,-0.07869222158220066
ISLR2,6.427046008669993,6.40623018661825
LUM,0.9056951066537401,1.302690848099753
IDS,4.725231522925958,5.328523779556722
AMN,-0.030780187587310912,-0.005658982033682727
VAV1,-1.646840479729759,-0.21758516725498456
CCDC80,-0.8682695683672981,1.1362435301859932
ENTPD5,-0.7048191689159544,2.189580305478907
CXCL12,8.986217018166887,4.133027911570163
YWHAE,2.2576862900179897,0.6150090296518648
CST4,0.023719849205015294,-0.03869526543584837
ICAM5,0.981925825656142,0.9409375908292292
PPIF,-3.82485059451925,-6.216494781080224
CRELD1,-3.2972724095935004,-0.5532534404849447
CSNK2A2 CSNK2B,0.07565331309671482,-0.23513409321004927
MBD4,-0.07355319073178222,-0.035498721013953835
KLRK1,-0.20968958995683193,-0.3483700206972376
IL1RN,-39.40470469869153,-27.222117228029386
UBC,0.9333317534164609,2.697894423815503
ADAMTS13,1.8511735532062727,-0.5572557352943784
PPY,1.6856748592272959,4.472353664729127
PDGFC,-0.12814104285970157,-0.294573666072164
BOC,0.7068864426516128,0.5981636888659726
ULBP2,-0.04952091456389201,-0.14172356765917407
SIGLEC6,-0.05815645421531798,0.007686464456839123
GPNMB,-0.9840208382342985,2.136980045641427
MMP2,13.221500285924579,11.861457444160678
GDF11,0.6554338096955341,0.4482901627513251
LTF,-52.52174634352405,-25.712200195971185
KNG1,5.757598243756533,4.374578585227996
RPS3A,-0.4225662269228038,-0.3323015309741674
LDLR,0.0041195465972814795,-0.03610833976714435
PGAM1,52.34823258400216,-11.916348716863066
NOG,0.09952696688368745,1.331427359720008
EHMT2,1.271745631894997,0.6367038748269298
IL27 EBI3,0.6128911849377061,0.32815851913089916
IGFBP2,3.512117044437769,3.8529661257186927
RARRES2,-0.2765066217787782,-4.566971333099177
ANGPTL4,-1.2557301001999601,0.3532683690155101
BMPR2,-0.041902879453473874,0.2580157295671649
HSPA8,-1.197858115114157,-0.796342116434069
EFNA5,3.8393696886584596,3.268571773056031
CST3,1.2711908550450322,1.8989356683225276
ITGA1 ITGB1,-0.9577711335964898,-0.16492966725959413
PTN,1.1435191825991824,1.6024413891811262
STAB2,0.1563915940050808,0.41769351149786094
ASAH2,-7.879364205533143,-6.030887850501807
AZU1,-0.06253999429653337,-0.07543712259292125
BDNF,-0.5258554568127,-0.4627526175675733
FAM107B,-2.2403422137611946,-0.8815864022197709
MSN,-0.21446359074468702,-0.30958387066474324
TNFRSF1B,-4.477450662462727,7.9165542514189475
CDKN1B,1.4105274407309314,0.273799877845834
CHST6,-0.04125481249637024,0.033135140025811124
EDAR,0.31745134321479973,0.287570376999838
CCL22,-1.9030962865457428,-1.1570370885741017
HINT1,2.5055547468259527,-4.116310495360484
SEZ6L2,-4.354304801161327,-7.851021979877006
SERPINF1,-54.99575910655134,-27.407549716003874
NXPH1,4.550133729503511,-8.75823981536713
IL7,-0.03899614074747402,0.008591937866289976
GFRA3,0.03232166426371972,0.30378946883763186
COL18A1,54.39988497151677,87.23642032254925
KIRREL3,0.014705674353488338,0.11005002406413335
PAK7,-0.0876291933605605,0.012898460576972554
CLEC11A,0.9816411375357653,1.7515549270179982
NOTCH3,0.805441090108783,0.8062271973232704
GAS1,1.052426283774039,0.575247745463418
AKR1A1,-1.0974070067935544,-1.398081878680547
SH2D1A,0.6319565293684705,-1.4550955363973823
ENPP7,-13.748392299483266,-16.220894411367805
IDUA,-0.530460104667408,-0.14858497674697274
SERPINE2,-1.1208755274861448,-0.7564587224228733
LRP1,2.0046277497846976,1.8647391031993545
FST,-0.22530728825288085,-0.17003502080119345
TIMP2,0.48008344681244525,0.37602905850056967
ANXA5,0.26588702491918864,-0.3336592759080666
A2M,52.53116295058267,1.0509352821121845
FCGR2B,-1.092143926414283,1.2518175700411507
COLEC11,12.659423740565492,4.205194816814797
UNC5D,11.80243950127774,12.19685242397782
GDF15,0.27886223348251044,2.3636565799377447
NAAA,14.414781492026526,13.339102594492369
SLPI,6.493130151074355,12.840080452191621
SLITRK5,2.6421612464343935,2.3394730202799865
TEK,1.7125012398012522,0.4486314887796758
UNC5C,6.748947976166682,8.338647205387849
REN,-0.6171067590278992,0.3910694998111629
FGF17,-0.05644978543213676,-0.01015535063021915
RB1,-0.82577804147723,-2.4260895878832485
IL15RA,0.20694928430582152,0.59814624460558
PTPN1,-0.4122984753812182,-0.9126604447326488
FN1,-50.61477391872395,-68.05761897145915
HSPB1,-0.6524183055281595,-2.1994595716146446
ARID3A,-0.22856733221596356,-0.3227885943066771
PIM1,-0.07212704924260294,-0.22554323884613817
OLR1,-1.300323939363579,-1.295527071831814
PRKCD,-1.5265633987183087,-0.45281985569996513
EPHA3,0.016203644845347278,-0.06596663362571983
SPTAN1,-0.06898022355508543,-0.07054168165138085
DPT,0.3038461709389521,4.289450594511579
CCL7,-0.22124427779642802,-0.0471284605325647
FGF1,-0.08829127573282114,-0.022630613450064594
MMP3,-1.3731894987892208,-0.22263062883590226
SERPINA4,43.01783492799526,24.052029934397122
XCL1,-0.13228289002641255,-0.024262872895010324
CA2,0.08821243902256298,-0.08463082929522503
FUT5,-0.03041491082978145,8.89884055413236
RTN4R,-1.98746616591276,-0.677261780239977
DBNL,0.7909219959695722,1.2229473190912183
AFM,-30.279501480217668,-16.191006578561627
FGF8,-0.3227042040205192,-0.19318878762043537
TPM1,-0.23679335895577075,-0.7875443944426797
REG4,6.793359322945444,8.972571628058873
FCGR3B,-0.9708886862199999,-0.27542917176651294
GSTA3,-0.1936798980181105,0.025930776778691822
RPSA,0.9377553688253909,-0.33868613027789873
TNFRSF17,10.19906140792549,13.579775240377103
LGALS3BP,-3.5674268364401818,-1.1811915744645385
MAPK13,-0.011489574556679163,-0.14532813333165406
AURKB,0.0614108774129471,0.17511653385358944
EGF,-0.49929478515109516,0.5228225097052113
CDNF,3.702369005498728,3.7151041358351176
BGLAP,0.12674388116123753,-0.6819717305460082
PLCG1,-0.137465673756347,-0.5727061167242004
IL17RA,0.28350556972280805,0.5221392761731635
IGHE IGK@ IGL@,-5.561148841305834,-3.9055722003096376
DDR1,-0.043694589687998386,0.00587388950696743
IL1R2,-3.3831898243841043,0.42156788173108156
HP,-76.84973317183629,-23.43665457527701
PRKCA,-5.055820127941832,-2.9474171244728047
AFP,0.39163595759818665,0.2440760210873516
ANXA6,-3.3384572910079937,-13.339044446957725
INHBA INHBB,0.004915082000740233,0.2504152653140619
TNFSF12,0.364867244617845,0.22882683012739233
ROBO2,-1.0038906090975122,-0.3707219330137614
RXFP1,-0.18087550232701474,-0.2468386104582102
FER,-0.10928446971721333,0.14253763314416715
POR,0.5271949509175493,-0.1582834040499722
IL17D,-0.1004554881378391,-0.06517350125319803
FCRL3,-0.013719923487445598,-0.04843974558628459
C7,1.7753370177551617,1.389563264855441
LCN2,5.364400151343971,9.64074494863425
HIST2H2BE,-10.07350664714398,1.321263170664523
CAST,8.40574524041423,7.675416425257074
PECAM1,-0.0706519267973281,0.24275142024819862
F2,13.442024083785592,-32.93639175240353
TYK2,-7.030205239708054,-0.9734711364616305
ARSA,0.08354939360470084,-0.09346634718413187
ZAP70,8.243327017891637,15.717220466295666
CSF3R,-0.17429117708137973,-0.1362379292410137
TNFRSF8,0.734378555445527,0.9061421060992403
CAMK1D,-0.8895846789185777,-0.6626027867566376
DUSP3,-0.0965720501880854,-0.18846139305401138
CCL4L1,-0.39294187310422224,-0.0057860111378624296
SLAMF7,24.51609997862269,13.190884528688988
NAGK,0.10852603136574827,0.26023696539050317
CA9,0.3462464516365918,0.520227966709469
BCL6,1.6218025245273997,1.0417537863921558
CDK2 CCNA2,-0.06820441192858201,0.030230903260563737
PES1,-0.14458506667438226,-0.061560794925868106
TFF2,29.89787340500503,20.945381601059676
PLA2G10,0.21546948877001798,0.2888426450578129
ICOS,-0.2918892698831315,-0.12410428318719212
IRF1,1.9396166626032947,0.9389547598979249
NRG4,-0.244471178571468,-0.22073560068190773
ADAMTS4,-0.06363122576102337,-0.007729900665216967
HNRNPAB,-0.8808542432270262,-0.8157982815254032
CD207,-0.043808683927010886,0.027017205315949703
IL12RB1,-0.2852326776530932,-0.2607335453363489
F11,0.6058571984557838,-0.0730129518736812
YES1,0.040154967391315,0.032301188083970374
FGF18,-0.10903409016518974,-0.08351788548217022
AK1,-3.5418633031694347,-42.80490059423192
FGF16,-0.513105078867522,-1.7454901391548
C2,-2.02722760672537,-0.9365590814706596
IL34,0.1328522662671659,0.4698175430266202
APOE,-80.73755093882656,-37.88684026171562
SRC,-2.916476499655811,1.5585109267588222
DDR2,1.8499764031616117,0.41712424713371227
UBE2L3,-0.5253948460333214,-1.1783190862532058
NTRK2,-0.09486903125260131,0.14380176054729207
ACVR1B,-0.04372612437210165,0.014584622786531751
FGF2,-0.9062717825898877,-0.9026416245137701
IL16,-0.11813608035230981,-0.028945028679482555
TNFRSF10D,-0.03796688369688141,0.3797510821930272
STK17B,-3.4940356989461523,-5.756605929593787
CTSD,-0.08561009761450436,0.7513649983882025
PRTN3,-4.827098772153049,-1.556045471289986
MMP16,0.123024686357855,0.08027383452447287
WISP3,1.5154678617190125,-0.34296113702480513
TBK1,-0.1855093489632998,-0.02636118483011458
EIF5,3.7169829956780647,-3.9797742692667546
IGFBP6,0.23348805688124355,0.6463970688518115
GOT1,4.392599003199687,-6.71772652969738
ANGPTL3,-0.1264599230104003,-0.07230006309896585
LIFR,2.966012232601353,1.280164493179302
PAPPA,16.764553439443283,33.184158397514636
CSRP3,0.10946477219345188,1.8681872520036467
DKK4,4.279307730680557,2.6406074726858484
GPC3,0.9216741398718056,0.5735399523709718
RPS6KA3,-0.0630292198818576,-0.0905374558641961
CHI3L1,-0.5601684049830238,26.304723573976847
CHEK1,-0.07101851750002852,0.06549447564442386
IL17F,-0.05144095344344786,0.23936316340458821
SFRP1,1.128343115874487,1.88022960642808
LGMN,-2.392854749633759,-3.573235780814684
HMOX2,0.0005204945605151453,0.011149266439861034
NOTCH2,-0.2673250649118606,-0.08782603632382278
NAMPT,-1.0210667923602383,-0.09927761179628945
EPOR,-0.09174038180661555,-0.10027135316332741
CD300C,-0.2101443609798952,2.191720134753746
SERPINC1,158.49901606540766,120.65206405547512
MDH1,-12.058439818754925,-22.079025936447156
CSNK2A1,-0.19368354786580766,-0.056008635728076864
MET,12.883597386123641,10.691296457017796
HGF,-1.0004378531760205,-0.2310079441518273
RETN,-0.4629634712042548,1.5911433232001155
NCR2,-0.03569872234397264,0.02335739948555947
SLITRK1,-0.5489808918217597,-0.7952140542620073
CD177,0.2895146789713743,0.7703327241885408
GFRA1,-1.425411519639856,0.14122815066402117
RGMA,4.133540113352302,10.512783525665744
CADM3,1.2984260185610679,1.2714656219968048
MED1,17.13822484667616,20.13794493501584
EPHB6,0.8534657861077107,1.4540081774995701
CNDP2,-0.21285254797117079,0.06292493608857791
PSMA1,-0.20342718127808437,-0.34395429691649665
LGALS7,-0.22680518574778583,-0.3699282191658931
CSK,-2.738714317414454,-2.0789081027941005
IL20RA,0.05627911855381863,0.025342381875645765
HBEGF,-0.0347380824300862,-0.036797853232933476
BIRC7,-0.022189614059513668,-0.06530142582941122
IDE,0.8077988917211335,0.4255207511360693
MMEL1,-0.02075836278355839,-0.5520788602851691
CKAP2,9.749327174684275,5.786435614865319
EREG,0.17320206252855405,-0.08128502015190354
PEX5,-0.052664455388482107,-0.16317186728735553
CCL3,-1.3847741153799333,-0.5136491546400322
BGN,3.1995294882641736,0.8121698753637199
GSTP1,2.5779969239187266,3.0187583347255176
BST1,2.9063007242761927,1.6527041181259836
CNDP1,-5.816185598990974,7.1772083484413205
ENG,1.3281430785111568,0.8530824807380855
ITGAV ITGB5,1.8156021375499765,1.6510643576490691
LYN,-1.2336923198046472,0.2947399680212412
ANXA1,-6.483005473562497,-4.923101723769785
TNFSF14,-0.16811563477782404,-0.22925944778513146
CXCL1,0.13217704444319556,0.24318461938128422
IGFBP4,-8.961544047734243,-2.6894804755527533
HDGFRP2,-0.5536037889149532,-0.5349904628044718
CHGA,3.8367198992303386,10.368635787287332
IL7R,0.025247967438852582,0.011410523313009164
DDX19B,-0.5488794260557792,-0.1880555232622077
LTA4H,3.013978531037127,18.21064489929477
MAPKAPK2,-1.2692053378977897,-0.517191502450445
HAVCR2,-3.591201944339332,7.4171250763757035
CXCL9,0.6595880663444154,0.7177324643510606
CASP3,-0.038233395575726345,-2.239168523021913
FGF12,-0.011600821914487898,-0.022382439772210997
EDA2R,0.5210040792536657,0.6530898500891473
HK2,-0.7929586109845748,-0.49261079513107947
CTSS,-0.23847155892691432,-0.28656616907656446
TNFRSF14,-0.1211318753421198,-0.1407373854716396
UFC1,-1.8896940458018558,-0.6628121178813501
CD274,0.16039401698976116,0.17194342288815576
IGFBP3,1.261723150118659,0.5043292677875546
LRRTM1,-0.060865809157856665,-0.038892327430751335
DYNLL1,-0.0807762393244162,-0.030377609490466417
OAS1,-0.14567564116628676,-0.18930860263375063
PAK3,0.18517721282286032,0.2265416320159475
FCGR1A,-0.10152781339125792,0.05794826304114212
ANG,5.294870552713513,3.0982692735954824
ENO1,-11.945732521867336,4.408077379935461
IL12RB2,0.2534928721092511,-0.7534873834026485
CCL23,92.00536074942768,51.23890975643323
F9,-12.560220880157312,-7.54580557053925
CXCL11,-1.2264656213643161,-1.4186312174231575
LEP,-163.68398970396038,-83.5173040068238
GPC2,-0.03429718082827205,-0.006875364496112822
THBS1,-3.4740345335658422,-6.296273198609544
MRC2,0.7457733799559886,1.1849537199558993
CA4,3.5660690930968473,4.4174275035059525
CXCL8,0.3048265200304031,0.9068922092961267
PTK2,-0.005610888965722417,0.021601460234429437
GNS,-1.0543388039673387,0.4132266178866348
KLK4,-0.058691229899902476,-0.04116740787116837
HFE2,-1.0673833596369062,-0.5538767820563109
WISP1,-11.602646838336465,-21.912549544766073
CA1,18.607288544773773,-50.01228751315262
FAM3B,2.7508391114643427,3.2436788134756362
PDXP,-0.8990888823219223,-2.648945829153563
MAPKAPK5,-0.03198062249489925,-0.2942323400438134
ACP1,0.14915905580843425,-4.305638868156012
IL2RG,-0.7070492258589052,-1.8811367079685009
CDH2,-0.3341566961245955,0.15258669008106004
SHC1,-1.362619539858312,1.4003787062989201
CTSE,0.04976384842661344,0.09606205313056686
UBE2G2,-4.784943031251118,0.4134842114651004
TPT1,-5.335690449358292,-4.699739598948082
AGRP,1.83969113235108,0.27322072840079603
ING1,-1.9619537305097727,-3.342709879725042
GRP,-0.12267503094846928,-0.05977624708769403
PPBP,-14.359084816168217,-30.26962951863555
TAGLN2,-0.44794434793053634,-1.575914483877281
PDGFA,-6.337464146791465,-19.64787751305002
IL13,-0.017304146922988005,-0.06004430722239532
YWHAQ,0.03521584749364142,-0.17993056824663053
PRKACA,0.47456998688115015,-1.0405733914389157
GRB2,-5.845968356199612,-2.960756168919762
SOST,5.671235547546878,6.231438697483312
CLU,-0.20067446614490372,-0.07865675158606882
ADAM9,0.22180270449408998,0.6935663489536951
SERPINE1,-8.605464906401565,-7.784791937919356
SOD2,29.640778133218706,20.19132437181753
ITIH4,-11.75338554822822,16.539077720930806
GFRA2,2.746795080215915,3.7403576101302956
IL18BP,8.711967462204019,11.687887053253228
CYCS,2.611115641922547,1.1806449876389005
SMPDL3A,-4.8445669432315475,-8.396096969614502
FCER2,0.9302804807416545,-0.7361012705445825
TKT,-9.583624089234261,-45.22942019867982
MPO,-21.51614416243796,-11.192818943308163
ROR1,0.8014627561189037,0.9445659969909128
CASP2,-0.06181849240376335,-0.1227000202255791
CXCL16,-3.5974796823784074,0.9292964543938286
NRG1,-0.041196122945400274,-0.022169503500350667
C1R,-1.4089069083534025,-1.3848242407820885
CHRDL1,3.794936442793515,3.777362701176694
FSTL3,-5.60180814465194,4.501689095956198
OSM,0.4249313282305486,0.7758858137468863
CD36,-26.243134911953938,-7.325949742056482
CRTAM,-0.22205308404611357,-0.25557934786565
NME1,-0.059375868330931426,-0.027334283822354498
PSMD7,0.1590435733418205,0.03290871352591376
ERAP1,-65.02758449299402,-36.36698000123358
JUN,-11.781562372450118,-35.84533846795695
KEAP1,0.17996961012858534,-0.07887131598889913
TNFRSF18,-0.33973950316213614,-0.6176198539573068
INS,-0.2668615342543242,-0.19912216205534197
EPB41,-5.445945048593405,-28.168991682145595
PLG,-0.19360179127739177,-5.260328350928161
S100A6,-0.1567828576782139,-2.730218638323192
EDA,1.6037065796449947,1.0335084659798688
RET,-12.036759723433933,-9.51415776571783
CDK8 CCNC,0.3586851325884345,0.5854468230396882
MBL2,23.326614614125763,13.206991395784922
GDF9,0.03752218625346225,0.07181918298747353
TPSG1,0.04739677620111226,0.06788026899079995
CTSF,3.9601285495659324,2.536127982440453
EPHA1,7.789650949137516,5.878483162204177
SIRPA,3.722034384890902,3.635651344499795
MICB,0.8247925825990029,0.6289876969798884
L1CAM,0.05963617546869123,0.24605536316657758
LCK,-0.1880934411328727,-0.07066786180155477
C5,-78.63231878711798,-40.066849482992396
GPD1,-10.729822260043141,-18.138541956338244
LILRB2,-6.372371290166883,0.6976541206390532
SIGLEC7,-0.8293986903927898,-0.12072416699843165
IFNGR2,-0.1986480707034533,-0.20819841073766815
PDE5A,-1.4476317924200255,0.19643981628228982
STC1,-1.637774258050071,2.207303674037899
TPI1,-2.273606925672901,-8.800803810725338
CDH6,-0.3760270189366109,-0.45414794539119663
FABP5,-1.4704652396133142,-0.9904444018237359
HSPD1,0.674745883830625,0.724931129139785
MAP2K3,0.02748474010156598,-0.3046826149697386
CAPG,1.4211630969203883,-1.5117486793994352
ETHE1,-0.027893158058875604,1.138354285693511
FETUB,-0.3450412719269972,-1.2659241619453878
ACY1,-11.822075681888338,-1.391929869515385
CCL25,-0.30905669351138476,1.09622639684512
KREMEN2,-0.6362735692246441,-1.0782762529010228
LPO,0.2007087747132568,0.09931250031707488
IGHD  IGK@ IGL@,11.646153022886338,-10.682632474356083
KLK6,0.5789848298008434,1.3927381202469138
PDE2A,-1.004773872240219,-1.555301182846564
SMAD3,-5.879437459582357,-5.7575130311342075
NCAM1,17.674022488615858,16.228279148267383
SKP1,-0.3359013233238269,-1.726853854301923
CSF2,-0.024954008705325176,0.053501604771971446
BRF1,0.16386137230204123,0.662486491687353
ARPP19,-0.34863856181729536,-0.3709114939766954
FGA FGB FGG,120.60118748695609,83.08003454631324
PPP3CA PPP3R1,-0.28807006925284745,0.07862360749132266
PRKCQ,-0.23428226374014055,-0.13059471100397252
PRSS1,10.44885698431754,9.09264628709535
HPX,-0.043190180736254066,0.266769259432226
PGD,-2.4483324346302395,0.5097707140793868
ENTPD3,-0.06429476807236287,-0.07031665069231491
GDI2,-8.261941241147035,-20.16422762067419
NTN4,-1.0557038470060678,-0.7854627127024831
CRLF1 CLCF1,0.5383919536828259,0.04990744750819244
NME2,-2.707727110465761,-19.203979233590232
DDC,0.2689455972893894,0.25665391430584084
GFAP,-0.020568059724629672,0.23404266398481213
LGALS9,-0.9196229254660147,-0.43214375533183425
MAPKAPK3,0.38129374916357944,0.6142356674411213
HSP90AA1 HSP90AB1,-5.387102204020163,-4.9479307210620735
RPS6KA5,-0.04698492738696733,-0.06766919344004818
STUB1,0.5722041427491025,0.06739590002722909
FLT4,-0.8416767780459584,-0.24791841017651886
SFN,-0.16214740382346574,-0.26432182969912904
CTLA4,-0.006707799593229161,-0.03319369459319598
SHH,0.00462543738719084,3.0966178836116396
KPNA2,0.06514423362539451,0.1343597638720654
SPOCK1,-0.8876940578114608,-1.151751477675111
SPHK1,-1.092435914230054,-0.13536571622137827
PCSK9,0.18989792583433723,-0.0071259222228867575
AMICA1,0.07764467000027273,0.1662263572821188
CX3CL1,2.2002741857420256,4.393267202862051
KLK11,0.8939498967643534,0.8137107850317423
PDCD1LG2,7.015335760189918,4.13434204585308
DCTPP1,9.490260985141497,16.98786039330055
GZMH,-0.05617852875128554,-0.055827448010131266
CHST2,-0.11054950692904097,-0.030239218358017593
BCL2L2,0.26483221893471603,0.11069313579727787
OLFM4,-0.040070728906465077,-0.0037116269132635043
IL5RA,0.004975757068857437,0.3544394603632073
PTK6,-0.07086449392720934,0.22771504926503036
BMPER,-0.2030359176049513,-0.08436800243864155
LY86,1.1374020378587808,0.5012567520570522
TNC,11.223427662603939,10.253794406368668
GDF5,-0.3929134042921846,-4.619059894631805
PTH,-0.6347588824303323,0.23321813194358343
TGFB1,-0.5576850486098918,-0.21618671904683578
HHLA2,1.1381758055705737,1.3025105907423615
PLA2G7,-0.14770057666865832,-0.26739608985567065
EIF4EBP2,-0.06319959477235997,-0.03774961207995965
SCARB2,-0.10461193469533862,-0.032045106341405415
IL1RL2,0.44821735653828215,0.5288186834775316
PDIA3,-1.3226756066608456,-1.377701167788399
PDE1A,-0.15695221061136103,-0.18854919583132138
PTHLH,0.04168834140583616,0.2928949467470391
SCGB2A1,2.181484769797165,-2.3493464716622596
FGFR2,-0.026472637335149908,-0.06043447717984556
DLL1,0.795206917166011,1.8438118054815689
BCL2L1,0.24445584921114002,0.293515380941673
SSRP1,-0.3190288073895023,-0.4140325427167779
ATP5B,-0.5467369654575598,0.4860988527264814
CSNK2A1 CSNK2B,-1.2089682515042417,-10.557906012548218
HMGB1,-1.3280116839940597,0.5068621743965759
XRCC6,-0.13357055629396244,-0.10528192622345972
FGFR1,1.0560615320803872,0.9308199198014585
ACE2,-0.1791921925690952,-0.4691255873643761
SBDS,-1.712603435536772,-1.6340445742592498
SYNCRIP,0.931682022257355,1.0758980187341503
LGALS8,-0.043109738093009164,-0.10515923492536433
EFNB2,20.061387867313126,19.412903325560237
XPNPEP1,1.7142604663912724,-1.4097462741298046
CHEK2,0.32627010522062194,-0.12329312507893117
TXNDC12,-0.07253882505979392,1.8113015188630244
APOB,12.81695116717392,-38.57571410462368
TNFSF11,0.2870510317758068,0.24822542915943052
INSR,-4.9351634627698795,3.7614884242193294
PPIB,-0.3321938080330752,-0.4815953261684305
CFP,-19.892983894567227,-21.96563824389455
ENO2,1.78681213891496,6.5150823714687505
MAP2K4,76.98404756709094,73.87644276312027
HAAO,5.8718530760677075,4.235856011831714
PPA1,-5.746648700665122,-24.534538176859435
